"Address","Content Type","Status Code","Status","HTTP Version","Indexability","Indexability Status","Canonical Link Element 1","Meta Robots 1","X-Robots-Tag 1"
"https://www.voiceoverguy.co.uk/","text/html; charset=utf-8","200","OK","1.1","Indexable","","https://www.voiceoverguy.co.uk/","",""
"https://www.voiceoverguy.co.uk/assets/images/clients/voiceoverguy-clients-bbc-1.png","image/png","200","OK","1.1","Indexable","","","",""
"https://www.voiceoverguy.co.uk/assets/images/clients/voiceoverguy-clients-booking-dot-com.png","image/png","200","OK","1.1","Indexable","","","",""
"https://www.voiceoverguy.co.uk/attenborough-script-generator","text/html; charset=utf-8","200","OK","1.1","Indexable","","https://www.voiceoverguy.co.uk/attenborough-script-generator","",""
"https://www.voiceoverguy.co.uk/movie-trailer-voice","text/html; charset=utf-8","200","OK","1.1","Indexable","","https://www.voiceoverguy.co.uk/movie-trailer-voice","",""
"https://www.voiceoverguy.co.uk/_next/static/chunks/polyfills-42372ed130431b0a.js","application/javascript; charset=utf-8","200","OK","1.1","Indexable","","","",""
"https://www.voiceoverguy.co.uk/assets/images/clients/voiceoverguy-lego-brand.png","image/png","200","OK","1.1","Indexable","","","",""
"https://www.voiceoverguy.co.uk/voiceoverguy","text/html; charset=utf-8","200","OK","1.1","Indexable","","https://www.voiceoverguy.co.uk/voiceoverguy","",""
"https://www.voiceoverguy.co.uk/assets/images/clients/voiceoverguy-clients-tesco.png","image/png","200","OK","1.1","Indexable","","","",""
"https://www.voiceoverguy.co.uk/santa-voice","text/html; charset=utf-8","200","OK","1.1","Indexable","","https://www.voiceoverguy.co.uk/santa-voice","",""
"https://www.voiceoverguy.co.uk/assets/images/vox-2018.webp","image/webp","200","OK","1.1","Indexable","","","",""
"https://www.voiceoverguy.co.uk/privacy-policy","text/html; charset=utf-8","200","OK","1.1","Indexable","","https://www.voiceoverguy.co.uk/privacy-policy","",""
"https://www.voiceoverguy.co.uk/assets/images/guy-harris-voiceover.webp","image/webp","200","OK","1.1","Indexable","","","",""
"https://www.voiceoverguy.co.uk/assets/images/clients/voiceoverguy-clients-emirates.png","image/png","200","OK","1.1","Indexable","","","",""
"https://www.voiceoverguy.co.uk/assets/images/clients/voiceoverguy-clients-smyths-toys.png","image/png","200","OK","1.1","Indexable","","","",""
"https://www.voiceoverguy.co.uk/_next/static/css/fc36cad69d0790b8.css","text/css; charset=utf-8","200","OK","1.1","Indexable","","","",""
"https://www.voiceoverguy.co.uk/football-commentator-voice","text/html; charset=utf-8","200","OK","1.1","Indexable","","https://www.voiceoverguy.co.uk/football-commentator-voice","",""
"https://www.voiceoverguy.co.uk/assets/images/vox-2021.webp","image/webp","200","OK","1.1","Indexable","","","",""
"https://www.voiceoverguy.co.uk/assets/images/clients/voiceoverguy-clients-legoland-windsor-resort.png","image/png","200","OK","1.1","Indexable","","","",""
"https://www.voiceoverguy.co.uk/assets/images/clients/voiceoverguy-clients-just-eat.png","image/png","200","OK","1.1","Indexable","","","",""
"https://www.voiceoverguy.co.uk/assets/images/clients/voiceoverguy-clients-the-masked-singer.png","image/png","200","OK","1.1","Indexable","","","",""
"https://www.voiceoverguy.co.uk/assets/images/voiceoverguy-home-character-voices.webp","image/webp","200","OK","1.1","Indexable","","","",""
"https://www.voiceoverguy.co.uk/_next/static/chunks/app/layout-05d540f248585416.js","application/javascript; charset=utf-8","200","OK","1.1","Indexable","","","",""
"https://www.voiceoverguy.co.uk/assets/images/voiceover-logo-sticky.webp","image/webp","200","OK","1.1","Indexable","","","",""
"https://www.voiceoverguy.co.uk/assets/images/clients/voiceoverguy-clients-minecraft.png","image/png","200","OK","1.1","Indexable","","","",""
"https://www.voiceoverguy.co.uk/assets/images/clients/voiceoverguy-clients-mcd.png","image/png","200","OK","1.1","Indexable","","","",""
"https://www.voiceoverguy.co.uk/assets/images/clients/voiceoverguy-clients-baxi.png","image/png","200","OK","1.1","Indexable","","","",""
"https://www.voiceoverguy.co.uk/halloween-voice","text/html; charset=utf-8","200","OK","1.1","Indexable","","https://www.voiceoverguy.co.uk/halloween-voice","",""
"https://www.voiceoverguy.co.uk/assets/images/sovas-2015.webp","image/webp","200","OK","1.1","Indexable","","","",""
"https://www.voiceoverguy.co.uk/david-attenborough-voice","text/html; charset=utf-8","200","OK","1.1","Indexable","","https://www.voiceoverguy.co.uk/david-attenborough-voice","",""
"https://www.voiceoverguy.co.uk/assets/images/clients/voiceoverguy-clients-dreamworks.png","image/png","200","OK","1.1","Indexable","","","",""
"https://www.voiceoverguy.co.uk/assets/images/vox-2014.webp","image/webp","200","OK","1.1","Indexable","","","",""
"https://www.voiceoverguy.co.uk/_next/static/chunks/848-0c32d57860ed019b.js","application/javascript; charset=utf-8","200","OK","1.1","Indexable","","","",""
"https://www.voiceoverguy.co.uk/assets/images/clients/voiceoverguy-clients-morrisons.png","image/png","200","OK","1.1","Indexable","","","",""
"https://www.voiceoverguy.co.uk/assets/images/clients/voiceoverguy-clients-coca-cola.png","image/png","200","OK","1.1","Indexable","","","",""
"https://www.voiceoverguy.co.uk/assets/images/clients/voiceoverguy-clients-samsung.png","image/png","200","OK","1.1","Indexable","","","",""
"https://www.voiceoverguy.co.uk/assets/images/clients/voiceoverguy-clients-the-range.png","image/png","200","OK","1.1","Indexable","","","",""
"https://www.voiceoverguy.co.uk/assets/images/clients/voiceoverguy-clients-nsandi.png","image/png","200","OK","1.1","Indexable","","","",""
"https://www.voiceoverguy.co.uk/explainer-video-voice","text/html; charset=utf-8","200","OK","1.1","Indexable","","https://www.voiceoverguy.co.uk/explainer-video-voice","",""
"https://www.voiceoverguy.co.uk/_next/static/chunks/app/page-8fdcddaea24573ed.js","application/javascript; charset=utf-8","200","OK","1.1","Indexable","","","",""
"https://www.voiceoverguy.co.uk/santa-script-generator","text/html; charset=utf-8","200","OK","1.1","Indexable","","https://www.voiceoverguy.co.uk/santa-script-generator","",""
"https://www.voiceoverguy.co.uk/gameshow-host","text/html; charset=utf-8","200","OK","1.1","Indexable","","https://www.voiceoverguy.co.uk/gameshow-host","",""
"https://www.voiceoverguy.co.uk/assets/images/clients/voiceoverguy-clients-seabrooks.png","image/png","200","OK","1.1","Indexable","","","",""
"https://www.voiceoverguy.co.uk/tv-choice-awards-voice-of-god-voiceover","text/html; charset=utf-8","200","OK","1.1","Indexable","","https://www.voiceoverguy.co.uk/tv-choice-awards-voice-of-god-voiceover","",""
"https://www.voiceoverguy.co.uk/assets/images/clients/voiceoverguy-disney-brand.png","image/png","200","OK","1.1","Indexable","","","",""
"https://www.voiceoverguy.co.uk/assets/images/clients/voiceoverguy-clients-mini.png","image/png","200","OK","1.1","Indexable","","","",""
"https://www.voiceoverguy.co.uk/voiceover-news","text/html; charset=utf-8","200","OK","1.1","Indexable","","https://www.voiceoverguy.co.uk/voiceover-news","",""
"https://www.voiceoverguy.co.uk/apple-voice-style","text/html; charset=utf-8","200","OK","1.1","Indexable","","https://www.voiceoverguy.co.uk/apple-voice-style","",""
"https://www.voiceoverguy.co.uk/assets/images/clients/voiceoverguy-clients-capital.png","image/png","200","OK","1.1","Indexable","","","",""
"https://www.voiceoverguy.co.uk/assets/images/clients/voiceoverguy-clients-midea.png","image/png","200","OK","1.1","Indexable","","","",""
"https://www.voiceoverguy.co.uk/why-use-voiceoverguy","text/html; charset=utf-8","200","OK","1.1","Indexable","","https://www.voiceoverguy.co.uk/why-use-voiceoverguy","",""
"https://www.voiceoverguy.co.uk/assets/images/voiceoverguy-home-explainer-voices.webp","image/webp","200","OK","1.1","Indexable","","","",""
"https://www.voiceoverguy.co.uk/assets/images/voiceoverguy-home-apple-voice.webp","image/webp","200","OK","1.1","Indexable","","","",""
"https://www.voiceoverguy.co.uk/assets/images/voiceoverguy-home-voice-of-santa.webp","image/webp","200","OK","1.1","Indexable","","","",""
"https://www.voiceoverguy.co.uk/assets/images/clients/voiceoverguy-clients-thomas-and-friends.png","image/png","200","OK","1.1","Indexable","","","",""
"https://www.voiceoverguy.co.uk/_next/static/chunks/27bebc07-4e6cbdde44fcb542.js","application/javascript; charset=utf-8","200","OK","1.1","Indexable","","","",""
"https://www.voiceoverguy.co.uk/FAQ","text/html; charset=utf-8","200","OK","1.1","Indexable","","https://www.voiceoverguy.co.uk/FAQ","",""
"https://www.voiceoverguy.co.uk/assets/images/clients/voiceoverguy-clients-p-and-o.png","image/png","200","OK","1.1","Indexable","","","",""
"https://www.voiceoverguy.co.uk/on-hold-voice","text/html; charset=utf-8","200","OK","1.1","Indexable","","https://www.voiceoverguy.co.uk/on-hold-voice","",""
"https://www.voiceoverguy.co.uk/assets/images/vox-2019.webp","image/webp","200","OK","1.1","Indexable","","","",""
"https://www.voiceoverguy.co.uk/assets/images/clients/voiceoverguy-clients-harpic.png","image/png","200","OK","1.1","Indexable","","","",""
"https://www.voiceoverguy.co.uk/commercial-voiceover","text/html; charset=utf-8","200","OK","1.1","Indexable","","https://www.voiceoverguy.co.uk/commercial-voiceover","",""
"https://www.voiceoverguy.co.uk/assets/images/clients/voiceoverguy-clients-maoam.png","image/png","200","OK","1.1","Indexable","","","",""
"https://www.voiceoverguy.co.uk/assets/images/clients/voiceoverguy-clients-mr-men.png","image/png","200","OK","1.1","Indexable","","","",""
"https://www.voiceoverguy.co.uk/assets/images/clients/voiceoverguy-clients-heart.png","image/png","200","OK","1.1","Indexable","","","",""
"https://www.voiceoverguy.co.uk/pirate-voice","text/html; charset=utf-8","200","OK","1.1","Indexable","","https://www.voiceoverguy.co.uk/pirate-voice","",""
"https://www.voiceoverguy.co.uk/_next/static/chunks/webpack-7819c331ba554855.js","application/javascript; charset=utf-8","200","OK","1.1","Indexable","","","",""
"https://www.voiceoverguy.co.uk/assets/images/clients/voiceoverguy-clients-bbc-2.png","image/png","200","OK","1.1","Indexable","","","",""
"https://www.voiceoverguy.co.uk/assets/images/clients/voiceoverguy-clients-igt-gaming-awards.png","image/png","200","OK","1.1","Indexable","","","",""
"https://www.voiceoverguy.co.uk/_next/static/chunks/main-app-6689cc769ebfae61.js","application/javascript; charset=utf-8","200","OK","1.1","Indexable","","","",""
"https://www.voiceoverguy.co.uk/game-trailer-voice","text/html; charset=utf-8","200","OK","1.1","Indexable","","https://www.voiceoverguy.co.uk/game-trailer-voice","",""
"https://www.voiceoverguy.co.uk/assets/images/vox-2022.webp","image/webp","200","OK","1.1","Indexable","","","",""
"https://www.voiceoverguy.co.uk/pathe-news-voice","text/html; charset=utf-8","200","OK","1.1","Indexable","","https://www.voiceoverguy.co.uk/pathe-news-voice","",""
"https://www.voiceoverguy.co.uk/voiceover-studio-finder","text/html; charset=utf-8","200","OK","1.1","Indexable","","https://www.voiceoverguy.co.uk/voiceover-studio-finder","",""
"https://www.voiceoverguy.co.uk/assets/images/vox-2011.webp","image/webp","200","OK","1.1","Indexable","","","",""
"https://www.voiceoverguy.co.uk/assets/images/clients/voiceoverguy-clients-alton-towers.png","image/png","200","OK","1.1","Indexable","","","",""
"https://www.voiceoverguy.co.uk/assets/images/clients/voiceoverguy-clients-cbeebies.png","image/png","200","OK","1.1","Indexable","","","",""
"https://www.voiceoverguy.co.uk/assets/images/clients/voiceoverguy-clients-butlins.png","image/png","200","OK","1.1","Indexable","","","",""
"https://www.voiceoverguy.co.uk/assets/images/voiceoverguy-home-commercial-voice.webp","image/webp","200","OK","1.1","Indexable","","","",""
"https://www.voiceoverguy.co.uk/assets/images/voiceover-guy-icon.webp","image/webp","200","OK","1.1","Indexable","","","",""
"https://www.voiceoverguy.co.uk/narration-voice","text/html; charset=utf-8","200","OK","1.1","Indexable","","https://www.voiceoverguy.co.uk/narration-voice","",""
"https://www.voiceoverguy.co.uk/_next/static/chunks/132-db8bf87a4696e60a.js","application/javascript; charset=utf-8","200","OK","1.1","Indexable","","","",""
"https://www.voiceoverguy.co.uk/assets/images/clients/voiceoverguy-clients-centre-parcs.png","image/png","200","OK","1.1","Indexable","","","",""
"https://www.voiceoverguy.co.uk/voiceover-studio","text/html; charset=utf-8","200","OK","1.1","Indexable","","https://www.voiceoverguy.co.uk/voiceover-studio","",""
"https://www.voiceoverguy.co.uk/assets/images/clients/voiceoverguy-clients-rakbank.png","image/png","200","OK","1.1","Indexable","","","",""
"https://www.voiceoverguy.co.uk/arabella-harris-girl-child-voiceover-kid","text/html; charset=utf-8","200","OK","1.1","Indexable","","https://www.voiceoverguy.co.uk/arabella-harris-girl-child-voiceover-kid","",""
"https://www.voiceoverguy.co.uk/assets/images/clients/voiceoverguy-clients-itv.png","image/png","200","OK","1.1","Indexable","","","",""
"https://www.voiceoverguy.co.uk/assets/images/clients/voiceoverguy-clients-hotels-dot-com.png","image/png","200","OK","1.1","Indexable","","","",""
"https://www.voiceoverguy.co.uk/voice-of-god","text/html; charset=utf-8","200","OK","1.1","Indexable","","https://www.voiceoverguy.co.uk/voice-of-god","",""
"https://www.voiceoverguy.co.uk/assets/images/clients/voiceoverguy-clients-ninja-warrior.png","image/png","200","OK","1.1","Indexable","","","",""
"https://www.voiceoverguy.co.uk/assets/images/clients/voiceoverguy-clients-boom-beach.png","image/png","200","OK","1.1","Indexable","","","",""
"https://www.voiceoverguy.co.uk/assets/images/clients/voiceoverguy-clients-apple.png","image/png","200","OK","1.1","Indexable","","","",""
"https://www.voiceoverguy.co.uk/character-voiceover","text/html; charset=utf-8","200","OK","1.1","Indexable","","https://www.voiceoverguy.co.uk/character-voiceover","",""
"https://www.voiceoverguy.co.uk/assets/images/clients/voiceoverguy-clients-biffa.png","image/png","200","OK","1.1","Indexable","","","",""
"https://www.voiceoverguy.co.uk/assets/images/clients/voiceoverguy-clients-tv-choice.png","image/png","200","OK","1.1","Indexable","","","",""
"https://www.voiceoverguy.co.uk/voiceover-imaging","text/html; charset=utf-8","200","OK","1.1","Indexable","","https://www.voiceoverguy.co.uk/voiceover-imaging","",""
"https://www.voiceoverguy.co.uk/assets/images/voiceoverguy-home-what-i-do.webp","image/webp","200","OK","1.1","Indexable","","","",""
"https://www.voiceoverguy.co.uk/assets/images/clients/voiceoverguy-clients-team-17.png","image/png","200","OK","1.1","Indexable","","","",""
"https://www.voiceoverguy.co.uk/voiceover-cartoons","text/html; charset=utf-8","200","OK","1.1","Indexable","","https://www.voiceoverguy.co.uk/voiceover-cartoons","",""
"https://www.voiceoverguy.co.uk/assets/images/clients/voiceoverguy-clients-sainsburys.png","image/png","200","OK","1.1","Indexable","","","",""
"https://www.voiceoverguy.co.uk/_next/static/chunks/app/attenborough-script-generator/page-5b012a4d983e6f8c.js","application/javascript; charset=utf-8","200","OK","1.1","Indexable","","","",""
"https://www.voiceoverguy.co.uk/contact-guy","text/html; charset=utf-8","200","OK","1.1","Indexable","","https://www.voiceoverguy.co.uk/contact-guy","",""
"https://www.voiceoverguy.co.uk/assets/images/movie-trailer-voice-og.webp","image/webp","200","OK","1.1","Indexable","","","",""
"https://www.voiceoverguy.co.uk/_next/static/chunks/app/movie-trailer-voice/page-a380a6890a59f854.js","application/javascript; charset=utf-8","200","OK","1.1","Indexable","","","",""
"https://www.voiceoverguy.co.uk/animation-voiceovers","text/html; charset=utf-8","200","OK","1.1","Indexable","","https://www.voiceoverguy.co.uk/animation-voiceovers","",""
"https://www.voiceoverguy.co.uk/seabrooks-in-for-a-penny-sponsor-voiceover","text/html; charset=utf-8","200","OK","1.1","Indexable","","https://www.voiceoverguy.co.uk/seabrooks-in-for-a-penny-sponsor-voiceover","",""
"https://www.voiceoverguy.co.uk/assets/images/voiceoverguy-character-voices.webp","image/webp","200","OK","1.1","Indexable","","","",""
"https://www.voiceoverguy.co.uk/assets/images/guy-harris-voiceoverguy-stage.webp","image/webp","200","OK","1.1","Indexable","","","",""
"https://www.voiceoverguy.co.uk/bbc-radio-2-voice-of-santa","text/html; charset=utf-8","200","OK","1.1","Indexable","","https://www.voiceoverguy.co.uk/bbc-radio-2-voice-of-santa","",""
"https://www.voiceoverguy.co.uk/masked-singer-voice-of-god-butlins","text/html; charset=utf-8","200","OK","1.1","Indexable","","https://www.voiceoverguy.co.uk/masked-singer-voice-of-god-butlins","",""
"https://www.voiceoverguy.co.uk/assets/images/professional-voice-over-voiceover.webp","image/webp","200","OK","1.1","Indexable","","","",""
"https://www.voiceoverguy.co.uk/_next/static/chunks/app/voiceoverguy/page-26b2d9467de6ace5.js","application/javascript; charset=utf-8","200","OK","1.1","Indexable","","","",""
"https://www.voiceoverguy.co.uk/assets/images/voiceover-studio-yorkshire.webp","image/webp","200","OK","1.1","Indexable","","","",""
"https://www.voiceoverguy.co.uk/disney-store-marvel-voiceover","text/html; charset=utf-8","200","OK","1.1","Indexable","","https://www.voiceoverguy.co.uk/disney-store-marvel-voiceover","",""
"https://www.voiceoverguy.co.uk/this-morning-spin-to-win-gameshow-voice","text/html; charset=utf-8","200","OK","1.1","Indexable","","https://www.voiceoverguy.co.uk/this-morning-spin-to-win-gameshow-voice","",""
"https://www.voiceoverguy.co.uk/assets/images/guy-harris-uk-voice-of-santa.webp","image/webp","200","OK","1.1","Indexable","","","",""
"https://www.voiceoverguy.co.uk/clash-of-clans-goblins-voiceover","text/html; charset=utf-8","200","OK","1.1","Indexable","","https://www.voiceoverguy.co.uk/clash-of-clans-goblins-voiceover","",""
"https://www.voiceoverguy.co.uk/assets/images/voiceoverguy-skateboarder.webp","image/webp","200","OK","1.1","Indexable","","","",""
"https://www.voiceoverguy.co.uk/thomas-the-tank-engine-voice-of-salty","text/html; charset=utf-8","200","OK","1.1","Indexable","","https://www.voiceoverguy.co.uk/thomas-the-tank-engine-voice-of-salty","",""
"https://www.voiceoverguy.co.uk/the-official-voice-of-santa","text/html; charset=utf-8","200","OK","1.1","Indexable","","https://www.voiceoverguy.co.uk/the-official-voice-of-santa","",""
"https://www.voiceoverguy.co.uk/poundland-self-service-till-santa-voice","text/html; charset=utf-8","200","OK","1.1","Indexable","","https://www.voiceoverguy.co.uk/poundland-self-service-till-santa-voice","",""
"https://www.voiceoverguy.co.uk/_next/static/chunks/app/santa-voice/page-23a5f53e7d9d7756.js","application/javascript; charset=utf-8","200","OK","1.1","Indexable","","","",""
"https://www.voiceoverguy.co.uk/assets/images/santa-voice-guy-harris.webp","image/webp","200","OK","1.1","Indexable","","","",""
"https://www.voiceoverguy.co.uk/qatar-drone-race-psg-voiceover","text/html; charset=utf-8","200","OK","1.1","Indexable","","https://www.voiceoverguy.co.uk/qatar-drone-race-psg-voiceover","",""
"https://www.voiceoverguy.co.uk/just-eat-uefa-football-commentator-voice","text/html; charset=utf-8","200","OK","1.1","Indexable","","https://www.voiceoverguy.co.uk/just-eat-uefa-football-commentator-voice","",""
"https://www.voiceoverguy.co.uk/pizza-hut-delivery-football-commentator-voiceover","text/html; charset=utf-8","200","OK","1.1","Indexable","","https://www.voiceoverguy.co.uk/pizza-hut-delivery-football-commentator-voiceover","",""
"https://www.voiceoverguy.co.uk/assets/images/football-commentator-voice-og.webp","image/webp","200","OK","1.1","Indexable","","","",""
"https://www.voiceoverguy.co.uk/iboy-football-commentator","text/html; charset=utf-8","200","OK","1.1","Indexable","","https://www.voiceoverguy.co.uk/iboy-football-commentator","",""
"https://www.voiceoverguy.co.uk/etisalat-celebrating-victory-football-commentator-voice","text/html; charset=utf-8","200","OK","1.1","Indexable","","https://www.voiceoverguy.co.uk/etisalat-celebrating-victory-football-commentator-voice","",""
"https://www.voiceoverguy.co.uk/wilhelm-scream-shreek-shout-sfx-voiceover-film","text/html; charset=utf-8","200","OK","1.1","Indexable","","https://www.voiceoverguy.co.uk/wilhelm-scream-shreek-shout-sfx-voiceover-film","",""
"https://www.voiceoverguy.co.uk/_next/static/chunks/app/football-commentator-voice/page-39e451031b876c73.js","application/javascript; charset=utf-8","200","OK","1.1","Indexable","","","",""
"https://www.voiceoverguy.co.uk/betfred-football-commentator","text/html; charset=utf-8","200","OK","1.1","Indexable","","https://www.voiceoverguy.co.uk/betfred-football-commentator","",""
"https://www.voiceoverguy.co.uk/manchester-city-football-commentry-voice","text/html; charset=utf-8","200","OK","1.1","Indexable","","https://www.voiceoverguy.co.uk/manchester-city-football-commentry-voice","",""
"https://www.voiceoverguy.co.uk/evil-character-voiceover","text/html; charset=utf-8","200","OK","1.1","Indexable","","https://www.voiceoverguy.co.uk/evil-character-voiceover","",""
"https://www.voiceoverguy.co.uk/assets/images/halloween-voice-og.webp","image/webp","200","OK","1.1","Indexable","","","",""
"https://www.voiceoverguy.co.uk/scary-movie-ghost-face-voice","text/html; charset=utf-8","200","OK","1.1","Indexable","","https://www.voiceoverguy.co.uk/scary-movie-ghost-face-voice","",""
"https://www.voiceoverguy.co.uk/_next/static/chunks/app/halloween-voice/page-1480403260bd5f32.js","application/javascript; charset=utf-8","200","OK","1.1","Indexable","","","",""
"https://www.voiceoverguy.co.uk/spooky-halloween-laughs","text/html; charset=utf-8","200","OK","1.1","Indexable","","https://www.voiceoverguy.co.uk/spooky-halloween-laughs","",""
"https://www.voiceoverguy.co.uk/dracula-voiceover-for-halloween","text/html; charset=utf-8","200","OK","1.1","Indexable","","https://www.voiceoverguy.co.uk/dracula-voiceover-for-halloween","",""
"https://www.voiceoverguy.co.uk/joker-voice","text/html; charset=utf-8","200","OK","1.1","Indexable","","https://www.voiceoverguy.co.uk/joker-voice","",""
"https://www.voiceoverguy.co.uk/horizon-zero-dawn-voice","text/html; charset=utf-8","200","OK","1.1","Indexable","","https://www.voiceoverguy.co.uk/horizon-zero-dawn-voice","",""
"https://www.voiceoverguy.co.uk/cracking-ice-david-attenborough-impression","text/html; charset=utf-8","200","OK","1.1","Indexable","","https://www.voiceoverguy.co.uk/cracking-ice-david-attenborough-impression","",""
"https://www.voiceoverguy.co.uk/_next/static/chunks/app/david-attenborough-voice/page-b1c4a91c90c5434d.js","application/javascript; charset=utf-8","200","OK","1.1","Indexable","","","",""
"https://www.voiceoverguy.co.uk/turkish-bird-attenborough-voice","text/html; charset=utf-8","200","OK","1.1","Indexable","","https://www.voiceoverguy.co.uk/turkish-bird-attenborough-voice","",""
"https://www.voiceoverguy.co.uk/natural-instincts-trailer-attenborough-voice","text/html; charset=utf-8","200","OK","1.1","Indexable","","https://www.voiceoverguy.co.uk/natural-instincts-trailer-attenborough-voice","",""
"https://www.voiceoverguy.co.uk/assets/images/attenborough-script-generator.webp","image/webp","200","OK","1.1","Indexable","","","",""
"https://www.voiceoverguy.co.uk/ai-guy-human-vs-ai-voiceover","text/html; charset=utf-8","200","OK","1.1","Indexable","","https://www.voiceoverguy.co.uk/ai-guy-human-vs-ai-voiceover","",""
"https://www.voiceoverguy.co.uk/_next/static/chunks/app/explainer-video-voice/page-00d0ac630a2495fd.js","application/javascript; charset=utf-8","200","OK","1.1","Indexable","","","",""
"https://www.voiceoverguy.co.uk/david-attenborough-impression","text/html; charset=utf-8","200","OK","1.1","Indexable","","https://www.voiceoverguy.co.uk/david-attenborough-impression","",""
"https://www.voiceoverguy.co.uk/_next/static/chunks/app/gameshow-host/page-09e106d5b105a6c1.js","application/javascript; charset=utf-8","200","OK","1.1","Indexable","","","",""
"https://www.voiceoverguy.co.uk/_next/static/chunks/app/santa-script-generator/page-2ad1d1e63cabe8a6.js","application/javascript; charset=utf-8","200","OK","1.1","Indexable","","","",""
"https://www.voiceoverguy.co.uk/assets/images/gameshow-host-voice-og.webp","image/webp","200","OK","1.1","Indexable","","","",""
"https://www.voiceoverguy.co.uk/assets/img/blog/salter-blender-pro.jpg","image/jpeg","200","OK","1.1","Indexable","","","",""
"https://www.voiceoverguy.co.uk/saturday-night-takeaway-voice","text/html; charset=utf-8","200","OK","1.1","Indexable","","https://www.voiceoverguy.co.uk/saturday-night-takeaway-voice","",""
"https://www.voiceoverguy.co.uk/salter-blender-pro","text/html; charset=utf-8","200","OK","1.1","Indexable","","https://www.voiceoverguy.co.uk/salter-blender-pro","",""
"https://www.voiceoverguy.co.uk/assets/img/blog/4-music-id-mobile-sponsor-bumpers-voice.jpg","image/jpeg","200","OK","1.1","Indexable","","","",""
"https://www.voiceoverguy.co.uk/4-music-id-mobile-sponsor-bumpers-voice","text/html; charset=utf-8","200","OK","1.1","Indexable","","https://www.voiceoverguy.co.uk/4-music-id-mobile-sponsor-bumpers-voice","",""
"https://www.voiceoverguy.co.uk/assets/img/blog/tv-choice-awards-voice-of-god-voiceover.jpg","image/jpeg","200","OK","1.1","Indexable","","","",""
"https://www.voiceoverguy.co.uk/cake-guy-lego-minifigure-voice","text/html; charset=utf-8","200","OK","1.1","Indexable","","https://www.voiceoverguy.co.uk/cake-guy-lego-minifigure-voice","",""
"https://www.voiceoverguy.co.uk/_next/static/chunks/app/%5Bslug%5D/page-0d75f82a1c4e114d.js","application/javascript; charset=utf-8","200","OK","1.1","Indexable","","","",""
"https://www.voiceoverguy.co.uk/gb-news-competition-voice","text/html; charset=utf-8","200","OK","1.1","Indexable","","https://www.voiceoverguy.co.uk/gb-news-competition-voice","",""
"https://www.voiceoverguy.co.uk/assets/img/blog/gb-news-competition-voice.jpg","image/jpeg","200","OK","1.1","Indexable","","","",""
"https://www.voiceoverguy.co.uk/p-and-o-ferries-christmas-santa-voice","text/html; charset=utf-8","200","OK","1.1","Indexable","","https://www.voiceoverguy.co.uk/p-and-o-ferries-christmas-santa-voice","",""
"https://www.voiceoverguy.co.uk/minecraft-handbook-voiceover","text/html; charset=utf-8","200","OK","1.1","Indexable","","https://www.voiceoverguy.co.uk/minecraft-handbook-voiceover","",""
"https://www.voiceoverguy.co.uk/nakd-bars-mind-blown-professor-voice","text/html; charset=utf-8","200","OK","1.1","Indexable","","https://www.voiceoverguy.co.uk/nakd-bars-mind-blown-professor-voice","",""
"https://www.voiceoverguy.co.uk/assets/img/blog/which-recording-studio-software-is-best.jpg","image/jpeg","200","OK","1.1","Indexable","","","",""
"https://www.voiceoverguy.co.uk/motor-sport-racing-commentator-voice","text/html; charset=utf-8","200","OK","1.1","Indexable","","https://www.voiceoverguy.co.uk/motor-sport-racing-commentator-voice","",""
"https://www.voiceoverguy.co.uk/assets/img/blog/cake-guy-lego-minifigure-voice.jpg","image/jpeg","200","OK","1.1","Indexable","","","",""
"https://www.voiceoverguy.co.uk/assets/img/blog/european-collaboration-summit-patrick-stewart-voiceover.jpg","image/jpeg","200","OK","1.1","Indexable","","","",""
"https://www.voiceoverguy.co.uk/mustard-car-van-insurance-radio-advert-voiceover","text/html; charset=utf-8","200","OK","1.1","Indexable","","https://www.voiceoverguy.co.uk/mustard-car-van-insurance-radio-advert-voiceover","",""
"https://www.voiceoverguy.co.uk/assets/img/blog/dracula-voiceover-for-halloween.jpg","image/jpeg","200","OK","1.1","Indexable","","","",""
"https://www.voiceoverguy.co.uk/assets/img/blog/star-wars-character-voices.jpg","image/jpeg","200","OK","1.1","Indexable","","","",""
"https://www.voiceoverguy.co.uk/assets/img/blog/wilhelm-scream-shreek-shout-sfx-voiceover-film.jpg","image/jpeg","200","OK","1.1","Indexable","","","",""
"https://www.voiceoverguy.co.uk/assets/img/blog/lumote-mastermote-chronicles-voiceover.jpg","image/jpeg","200","OK","1.1","Indexable","","","",""
"https://www.voiceoverguy.co.uk/assets/img/blog/bmoji-app-voiceover.jpg","image/jpeg","200","OK","1.1","Indexable","","","",""
"https://www.voiceoverguy.co.uk/assets/img/blog/doggie-doo-voice-over.jpg","image/jpeg","200","OK","1.1","Indexable","","","",""
"https://www.voiceoverguy.co.uk/boom-beach-hammerman-hot-tub-voice","text/html; charset=utf-8","200","OK","1.1","Indexable","","https://www.voiceoverguy.co.uk/boom-beach-hammerman-hot-tub-voice","",""
"https://www.voiceoverguy.co.uk/cartoon-voiceover-guide","text/html; charset=utf-8","200","OK","1.1","Indexable","","https://www.voiceoverguy.co.uk/cartoon-voiceover-guide","",""
"https://www.voiceoverguy.co.uk/siegecraft-commander-trailer-voice","text/html; charset=utf-8","200","OK","1.1","Indexable","","https://www.voiceoverguy.co.uk/siegecraft-commander-trailer-voice","",""
"https://www.voiceoverguy.co.uk/assets/img/blog/turkish-airlines-football-commentator-voiceover.jpg","image/jpeg","200","OK","1.1","Indexable","","","",""
"https://www.voiceoverguy.co.uk/assets/img/blog/le-becks-natual-voiceover.jpg","image/jpeg","200","OK","1.1","Indexable","","","",""
"https://www.voiceoverguy.co.uk/assets/img/blog/war-wings-game-trailer-voice.jpg","image/jpeg","200","OK","1.1","Indexable","","","",""
"https://www.voiceoverguy.co.uk/alton-towers-scarefest-spooky-voice","text/html; charset=utf-8","200","OK","1.1","Indexable","","https://www.voiceoverguy.co.uk/alton-towers-scarefest-spooky-voice","",""
"https://www.voiceoverguy.co.uk/assets/img/blog/fifa-22-goat-foat-sheffield-fc-promo-voice.jpg","image/jpeg","200","OK","1.1","Indexable","","","",""
"https://www.voiceoverguy.co.uk/hide-the-corpse-promo-voiceover","text/html; charset=utf-8","200","OK","1.1","Indexable","","https://www.voiceoverguy.co.uk/hide-the-corpse-promo-voiceover","",""
"https://www.voiceoverguy.co.uk/assets/img/blog/this-morning-spin-to-win-gameshow-voice.jpg","image/jpeg","200","OK","1.1","Indexable","","","",""
"https://www.voiceoverguy.co.uk/assets/img/blog/official-voice-of-santa-guy-harris.jpg","image/jpeg","200","OK","1.1","Indexable","","","",""
"https://www.voiceoverguy.co.uk/pantomime-dame-voice","text/html; charset=utf-8","200","OK","1.1","Indexable","","https://www.voiceoverguy.co.uk/pantomime-dame-voice","",""
"https://www.voiceoverguy.co.uk/falcon-alkoholfri-attenborough-voice","text/html; charset=utf-8","200","OK","1.1","Indexable","","https://www.voiceoverguy.co.uk/falcon-alkoholfri-attenborough-voice","",""
"https://www.voiceoverguy.co.uk/father-christmas-santa-voiceover","text/html; charset=utf-8","200","OK","1.1","Indexable","","https://www.voiceoverguy.co.uk/father-christmas-santa-voiceover","",""
"https://www.voiceoverguy.co.uk/assets/img/blog/traxart-explainer-voiceover.jpg","image/jpeg","200","OK","1.1","Indexable","","","",""
"https://www.voiceoverguy.co.uk/assets/img/blog/ideal-boilers-soft-male-voice.jpg","image/jpeg","200","OK","1.1","Indexable","","","",""
"https://www.voiceoverguy.co.uk/assets/img/blog/pizza-hut-delivery-football-commentator-voiceover.jpg","image/jpeg","200","OK","1.1","Indexable","","","",""
"https://www.voiceoverguy.co.uk/assets/img/blog/cbbc-pirate-week-voice.jpg","image/jpeg","200","OK","1.1","Indexable","","","",""
"https://www.voiceoverguy.co.uk/vernon-kay-ultra-ultra-marathon-challenge-uk-trailer-voice","text/html; charset=utf-8","200","OK","1.1","Indexable","","https://www.voiceoverguy.co.uk/vernon-kay-ultra-ultra-marathon-challenge-uk-trailer-voice","",""
"https://www.voiceoverguy.co.uk/assets/img/blog/minecraft-handbook-voiceover.jpg","image/jpeg","200","OK","1.1","Indexable","","","",""
"https://www.voiceoverguy.co.uk/assets/img/blog/joker-voice.jpg","image/jpeg","200","OK","1.1","Indexable","","","",""
"https://www.voiceoverguy.co.uk/assets/img/blog/siegecraft-commander-trailer-voice.jpg","image/jpeg","200","OK","1.1","Indexable","","","",""
"https://www.voiceoverguy.co.uk/gooey-louie-voiceover","text/html; charset=utf-8","200","OK","1.1","Indexable","","https://www.voiceoverguy.co.uk/gooey-louie-voiceover","",""
"https://www.voiceoverguy.co.uk/thomas-friends-voiceover","text/html; charset=utf-8","200","OK","1.1","Indexable","","https://www.voiceoverguy.co.uk/thomas-friends-voiceover","",""
"https://www.voiceoverguy.co.uk/assets/img/blog/european-collaboration-summit-tickets-voiceover.jpg","image/jpeg","200","OK","1.1","Indexable","","","",""
"https://www.voiceoverguy.co.uk/poundland-yoda-voice","text/html; charset=utf-8","200","OK","1.1","Indexable","","https://www.voiceoverguy.co.uk/poundland-yoda-voice","",""
"https://www.voiceoverguy.co.uk/assets/img/blog/nfl-cbs-sports-king-henry-voice-patrick-stewart.jpg","image/jpeg","200","OK","1.1","Indexable","","","",""
"https://www.voiceoverguy.co.uk/kings-road-voiceover","text/html; charset=utf-8","200","OK","1.1","Indexable","","https://www.voiceoverguy.co.uk/kings-road-voiceover","",""
"https://www.voiceoverguy.co.uk/assets/img/blog/hill-climb-racing-voiceover.jpg","image/jpeg","200","OK","1.1","Indexable","","","",""
"https://www.voiceoverguy.co.uk/assets/img/blog/virtual-voiceover-studio-online.jpg","image/jpeg","200","OK","1.1","Indexable","","","",""
"https://www.voiceoverguy.co.uk/assets/img/blog/disney-store-marvel-voiceover.jpg","image/jpeg","200","OK","1.1","Indexable","","","",""
"https://www.voiceoverguy.co.uk/assets/img/blog/little-monster-media-movie-voice.jpg","image/jpeg","200","OK","1.1","Indexable","","","",""
"https://www.voiceoverguy.co.uk/assets/img/blog/vegan-film-voiceover.jpg","image/jpeg","200","OK","1.1","Indexable","","","",""
"https://www.voiceoverguy.co.uk/vodafone-natural-voiceover","text/html; charset=utf-8","200","OK","1.1","Indexable","","https://www.voiceoverguy.co.uk/vodafone-natural-voiceover","",""
"https://www.voiceoverguy.co.uk/assets/img/blog/vodafone-natural-voiceover.jpg","image/jpeg","200","OK","1.1","Indexable","","","",""
"https://www.voiceoverguy.co.uk/assets/img/blog/good-game-empire-trailer-voice.jpg","image/jpeg","200","OK","1.1","Indexable","","","",""
"https://www.voiceoverguy.co.uk/assets/img/blog/wren-kitchens-voiceover.jpg","image/jpeg","200","OK","1.1","Indexable","","","",""
"https://www.voiceoverguy.co.uk/wirecard-male-voice-over","text/html; charset=utf-8","200","OK","1.1","Indexable","","https://www.voiceoverguy.co.uk/wirecard-male-voice-over","",""
"https://www.voiceoverguy.co.uk/go-to-malta-explainer-voice","text/html; charset=utf-8","200","OK","1.1","Indexable","","https://www.voiceoverguy.co.uk/go-to-malta-explainer-voice","",""
"https://www.voiceoverguy.co.uk/assets/img/blog/judgment-pocalypse-survival-voice.jpg","image/jpeg","200","OK","1.1","Indexable","","","",""
"https://www.voiceoverguy.co.uk/traxart-explainer-voiceover","text/html; charset=utf-8","200","OK","1.1","Indexable","","https://www.voiceoverguy.co.uk/traxart-explainer-voiceover","",""
"https://www.voiceoverguy.co.uk/war-friends-army-voice","text/html; charset=utf-8","200","OK","1.1","Indexable","","https://www.voiceoverguy.co.uk/war-friends-army-voice","",""
"https://www.voiceoverguy.co.uk/dpd-predict-voice","text/html; charset=utf-8","200","OK","1.1","Indexable","","https://www.voiceoverguy.co.uk/dpd-predict-voice","",""
"https://www.voiceoverguy.co.uk/assets/img/blog/voice-of-santa-guy-harris.jpg","image/jpeg","200","OK","1.1","Indexable","","","",""
"https://www.voiceoverguy.co.uk/cloud-voiceover","text/html; charset=utf-8","200","OK","1.1","Indexable","","https://www.voiceoverguy.co.uk/cloud-voiceover","",""
"https://www.voiceoverguy.co.uk/assets/img/blog/apple-voice-style.jpg","image/jpeg","200","OK","1.1","Indexable","","","",""
"https://www.voiceoverguy.co.uk/assets/img/blog/vintage-cash-cow-tv-voiceover.jpg","image/jpeg","200","OK","1.1","Indexable","","","",""
"https://www.voiceoverguy.co.uk/seat-hidden-heroes-adrian","text/html; charset=utf-8","200","OK","1.1","Indexable","","https://www.voiceoverguy.co.uk/seat-hidden-heroes-adrian","",""
"https://www.voiceoverguy.co.uk/assets/img/blog/character-voiceover.jpg","image/jpeg","200","OK","1.1","Indexable","","","",""
"https://www.voiceoverguy.co.uk/pig-goes-pop-voiceover","text/html; charset=utf-8","200","OK","1.1","Indexable","","https://www.voiceoverguy.co.uk/pig-goes-pop-voiceover","",""
"https://www.voiceoverguy.co.uk/voice-of-cheese-worm-in-worms-games","text/html; charset=utf-8","200","OK","1.1","Indexable","","https://www.voiceoverguy.co.uk/voice-of-cheese-worm-in-worms-games","",""
"https://www.voiceoverguy.co.uk/assets/img/blog/natural-instincts-trailer-attenborough-voice.jpg","image/jpeg","200","OK","1.1","Indexable","","","",""
"https://www.voiceoverguy.co.uk/hill-climb-racing-2-voiceover","text/html; charset=utf-8","200","OK","1.1","Indexable","","https://www.voiceoverguy.co.uk/hill-climb-racing-2-voiceover","",""
"https://www.voiceoverguy.co.uk/assets/img/blog/patrick-stewart-impression.jpg","image/jpeg","200","OK","1.1","Indexable","","","",""
"https://www.voiceoverguy.co.uk/assets/img/blog/psycho-circus-scary-voice.jpg","image/jpeg","200","OK","1.1","Indexable","","","",""
"https://www.voiceoverguy.co.uk/minecraft-combat-voiceover","text/html; charset=utf-8","200","OK","1.1","Indexable","","https://www.voiceoverguy.co.uk/minecraft-combat-voiceover","",""
"https://www.voiceoverguy.co.uk/voiceover-character","text/html; charset=utf-8","200","OK","1.1","Indexable","","https://www.voiceoverguy.co.uk/voiceover-character","",""
"https://www.voiceoverguy.co.uk/assets/img/blog/hide-the-corpse-promo-voiceover.jpg","image/jpeg","200","OK","1.1","Indexable","","","",""
"https://www.voiceoverguy.co.uk/tips-for-becoming-a-voiceover-actor-navigating-ai-challenges","text/html; charset=utf-8","200","OK","1.1","Indexable","","https://www.voiceoverguy.co.uk/tips-for-becoming-a-voiceover-actor-navigating-ai-challenges","",""
"https://www.voiceoverguy.co.uk/radiator-warehouse-rock-star-voiceover","text/html; charset=utf-8","200","OK","1.1","Indexable","","https://www.voiceoverguy.co.uk/radiator-warehouse-rock-star-voiceover","",""
"https://www.voiceoverguy.co.uk/assets/img/blog/gooey-louie-voiceover.jpg","image/jpeg","200","OK","1.1","Indexable","","","",""
"https://www.voiceoverguy.co.uk/seat-hidden-heroes","text/html; charset=utf-8","200","OK","1.1","Indexable","","https://www.voiceoverguy.co.uk/seat-hidden-heroes","",""
"https://www.voiceoverguy.co.uk/assets/img/blog/clash-of-clans-goblins-voiceover.jpg","image/jpeg","200","OK","1.1","Indexable","","","",""
"https://www.voiceoverguy.co.uk/assets/img/blog/ford-trucks-international-a-million-thanks.jpg","image/jpeg","200","OK","1.1","Indexable","","","",""
"https://www.voiceoverguy.co.uk/assets/img/blog/nuby-commentator-voice.jpg","image/jpeg","200","OK","1.1","Indexable","","","",""
"https://www.voiceoverguy.co.uk/vintage-cash-cow-voiceover","text/html; charset=utf-8","200","OK","1.1","Indexable","","https://www.voiceoverguy.co.uk/vintage-cash-cow-voiceover","",""
"https://www.voiceoverguy.co.uk/assets/img/blog/logo-board-game-hovis-and-sailor-voice.jpg","image/jpeg","200","OK","1.1","Indexable","","","",""
"https://www.voiceoverguy.co.uk/assets/img/blog/govin-trailer-deep-male-voice.jpg","image/jpeg","200","OK","1.1","Indexable","","","",""
"https://www.voiceoverguy.co.uk/assets/img/blog/kings-road-voiceover.jpg","image/jpeg","200","OK","1.1","Indexable","","","",""
"https://www.voiceoverguy.co.uk/assets/img/blog/opel-the-future-is-everyones.jpg","image/jpeg","200","OK","1.1","Indexable","","","",""
"https://www.voiceoverguy.co.uk/assets/img/blog/masked-singer-voice-of-god-butlins.jpg","image/jpeg","200","OK","1.1","Indexable","","","",""
"https://www.voiceoverguy.co.uk/assets/img/blog/male-voiceover-in-booth.jpg","image/jpeg","200","OK","1.1","Indexable","","","",""
"https://www.voiceoverguy.co.uk/assets/img/blog/sick-bricks-advert-voiceover.jpg","image/jpeg","200","OK","1.1","Indexable","","","",""
"https://www.voiceoverguy.co.uk/assets/img/blog/arabella-harris-voiceover-kid.jpg","image/jpeg","200","OK","1.1","Indexable","","","",""
"https://www.voiceoverguy.co.uk/assets/img/blog/save-water.jpg","image/jpeg","200","OK","1.1","Indexable","","","",""
"https://www.voiceoverguy.co.uk/13-dead-end-drive-voiceover","text/html; charset=utf-8","200","OK","1.1","Indexable","","https://www.voiceoverguy.co.uk/13-dead-end-drive-voiceover","",""
"https://www.voiceoverguy.co.uk/assets/img/blog/boom-beach-hammerman-voice.jpg","image/jpeg","200","OK","1.1","Indexable","","","",""
"https://www.voiceoverguy.co.uk/patrick-stewart-money-supermartket-voice","text/html; charset=utf-8","200","OK","1.1","Indexable","","https://www.voiceoverguy.co.uk/patrick-stewart-money-supermartket-voice","",""
"https://www.voiceoverguy.co.uk/british-aqua-feeds-christmas-advert-patrick-stewart-voice","text/html; charset=utf-8","200","OK","1.1","Indexable","","https://www.voiceoverguy.co.uk/british-aqua-feeds-christmas-advert-patrick-stewart-voice","",""
"https://www.voiceoverguy.co.uk/assets/img/blog/123-casinos-voiceover.jpg","image/jpeg","200","OK","1.1","Indexable","","","",""
"https://www.voiceoverguy.co.uk/nuby-commentator-voice","text/html; charset=utf-8","200","OK","1.1","Indexable","","https://www.voiceoverguy.co.uk/nuby-commentator-voice","",""
"https://www.voiceoverguy.co.uk/assets/img/blog/pirate-voice.jpg","image/jpeg","200","OK","1.1","Indexable","","","",""
"https://www.voiceoverguy.co.uk/compare-my-wedding-voice","text/html; charset=utf-8","200","OK","1.1","Indexable","","https://www.voiceoverguy.co.uk/compare-my-wedding-voice","",""
"https://www.voiceoverguy.co.uk/micropolitics-under-14-handball-team","text/html; charset=utf-8","200","OK","1.1","Indexable","","https://www.voiceoverguy.co.uk/micropolitics-under-14-handball-team","",""
"https://www.voiceoverguy.co.uk/assets/img/blog/spooky-halloween-laughs.jpg","image/jpeg","200","OK","1.1","Indexable","","","",""
"https://www.voiceoverguy.co.uk/assets/img/blog/motor-sport-racing-commentator-voice.webp","image/webp","200","OK","1.1","Indexable","","","",""
"https://www.voiceoverguy.co.uk/assets/img/blog/turtle-strike-voiceover.jpg","image/jpeg","200","OK","1.1","Indexable","","","",""
"https://www.voiceoverguy.co.uk/phoenixpb-explainer-video-voice","text/html; charset=utf-8","200","OK","1.1","Indexable","","https://www.voiceoverguy.co.uk/phoenixpb-explainer-video-voice","",""
"https://www.voiceoverguy.co.uk/playmobil-pirate-voice","text/html; charset=utf-8","200","OK","1.1","Indexable","","https://www.voiceoverguy.co.uk/playmobil-pirate-voice","",""
"https://www.voiceoverguy.co.uk/assets/img/blog/thomas-the-tank-engine-voice-of-salty.jpg","image/jpeg","200","OK","1.1","Indexable","","","",""
"https://www.voiceoverguy.co.uk/character-voices-showreel","text/html; charset=utf-8","200","OK","1.1","Indexable","","https://www.voiceoverguy.co.uk/character-voices-showreel","",""
"https://www.voiceoverguy.co.uk/assets/img/blog/guy-ai-voiceoverguy.jpg","image/jpeg","200","OK","1.1","Indexable","","","",""
"https://www.voiceoverguy.co.uk/on-air-chat-with-santa","text/html; charset=utf-8","200","OK","1.1","Indexable","","https://www.voiceoverguy.co.uk/on-air-chat-with-santa","",""
"https://www.voiceoverguy.co.uk/assets/img/blog/dead-daises-promo-voice.jpg","image/jpeg","200","OK","1.1","Indexable","","","",""
"https://www.voiceoverguy.co.uk/assets/img/blog/on-the-tools-attenborough.jpg","image/jpeg","200","OK","1.1","Indexable","","","",""
"https://www.voiceoverguy.co.uk/logo-board-game-hovis-and-sailor-voice","text/html; charset=utf-8","200","OK","1.1","Indexable","","https://www.voiceoverguy.co.uk/logo-board-game-hovis-and-sailor-voice","",""
"https://www.voiceoverguy.co.uk/assets/img/blog/naked-bars-mind-blown-professor-voice.jpg","image/jpeg","200","OK","1.1","Indexable","","","",""
"https://www.voiceoverguy.co.uk/assets/img/blog/poundland-yoda-voice.jpg","image/jpeg","200","OK","1.1","Indexable","","","",""
"https://www.voiceoverguy.co.uk/batelco-wifi-voice","text/html; charset=utf-8","200","OK","1.1","Indexable","","https://www.voiceoverguy.co.uk/batelco-wifi-voice","",""
"https://www.voiceoverguy.co.uk/assets/img/blog/britains-got-talent-competition-voice.jpg","image/jpeg","200","OK","1.1","Indexable","","","",""
"https://www.voiceoverguy.co.uk/assets/img/blog/bbk-travel-insurance-voiceover.jpg","image/jpeg","200","OK","1.1","Indexable","","","",""
"https://www.voiceoverguy.co.uk/craig-cash-gogglebox-voiceover","text/html; charset=utf-8","200","OK","1.1","Indexable","","https://www.voiceoverguy.co.uk/craig-cash-gogglebox-voiceover","",""
"https://www.voiceoverguy.co.uk/assets/img/blog/articulate-game-voiceover.jpg","image/jpeg","200","OK","1.1","Indexable","","","",""
"https://www.voiceoverguy.co.uk/good-game-empire-trailer-voice","text/html; charset=utf-8","200","OK","1.1","Indexable","","https://www.voiceoverguy.co.uk/good-game-empire-trailer-voice","",""
"https://www.voiceoverguy.co.uk/assets/img/blog/because-i-see-voiceover.jpg","image/jpeg","200","OK","1.1","Indexable","","","",""
"https://www.voiceoverguy.co.uk/assets/img/blog/walkers-crisps-spell-go.jpg","image/jpeg","200","OK","1.1","Indexable","","","",""
"https://www.voiceoverguy.co.uk/assets/img/blog/minecraft-combat-voiceover.jpg","image/jpeg","200","OK","1.1","Indexable","","","",""
"https://www.voiceoverguy.co.uk/voice-coaching-by-richard-di-britannia","text/html; charset=utf-8","200","OK","1.1","Indexable","","https://www.voiceoverguy.co.uk/voice-coaching-by-richard-di-britannia","",""
"https://www.voiceoverguy.co.uk/lumote-mastermote-chronicles-voiceover","text/html; charset=utf-8","200","OK","1.1","Indexable","","https://www.voiceoverguy.co.uk/lumote-mastermote-chronicles-voiceover","",""
"https://www.voiceoverguy.co.uk/assets/img/blog/english-voiceover-britain.jpg","image/jpeg","200","OK","1.1","Indexable","","","",""
"https://www.voiceoverguy.co.uk/assets/img/blog/seat-hidden-hereos.jpg","image/jpeg","200","OK","1.1","Indexable","","","",""
"https://www.voiceoverguy.co.uk/assets/img/blog/etisalat-celebrating-victory-football-commentator-voice.jpg","image/jpeg","200","OK","1.1","Indexable","","","",""
"https://www.voiceoverguy.co.uk/assets/img/blog/turkcell-red-riding-hood-film-voiceover.jpg","image/jpeg","200","OK","1.1","Indexable","","","",""
"https://www.voiceoverguy.co.uk/sick-bricks-advert-voiceover","text/html; charset=utf-8","200","OK","1.1","Indexable","","https://www.voiceoverguy.co.uk/sick-bricks-advert-voiceover","",""
"https://www.voiceoverguy.co.uk/assets/img/blog/shooting-business-voice-over.jpg","image/jpeg","200","OK","1.1","Indexable","","","",""
"https://www.voiceoverguy.co.uk/assets/img/blog/father-christmas-santa-voiceover.jpg","image/jpeg","200","OK","1.1","Indexable","","","",""
"https://www.voiceoverguy.co.uk/assets/img/blog/thomas-the-tank-engine-voice-of-winston.jpg","image/jpeg","200","OK","1.1","Indexable","","","",""
"https://www.voiceoverguy.co.uk/save-water","text/html; charset=utf-8","200","OK","1.1","Indexable","","https://www.voiceoverguy.co.uk/save-water","",""
"https://www.voiceoverguy.co.uk/assets/img/blog/cheese-worm-team-17-voice.jpg","image/jpeg","200","OK","1.1","Indexable","","","",""
"https://www.voiceoverguy.co.uk/assets/img/blog/renton-trainspotting-choose-life-voiceover.jpg","image/jpeg","200","OK","1.1","Indexable","","","",""
"https://www.voiceoverguy.co.uk/assets/img/blog/micropolitics-suzys-beauty-salon.jpg","image/jpeg","200","OK","1.1","Indexable","","","",""
"https://www.voiceoverguy.co.uk/bugs-in-kitchen-voice","text/html; charset=utf-8","200","OK","1.1","Indexable","","https://www.voiceoverguy.co.uk/bugs-in-kitchen-voice","",""
"https://www.voiceoverguy.co.uk/assets/img/blog/the-perfect-recording-studio-set-up.jpg","image/jpeg","200","OK","1.1","Indexable","","","",""
"https://www.voiceoverguy.co.uk/assets/img/blog/halloween-voiceover.jpg","image/jpeg","200","OK","1.1","Indexable","","","",""
"https://www.voiceoverguy.co.uk/assets/img/blog/morrisons-wonky-in-store-voiceovers.jpg","image/jpeg","200","OK","1.1","Indexable","","","",""
"https://www.voiceoverguy.co.uk/turtle-strike-voiceover","text/html; charset=utf-8","200","OK","1.1","Indexable","","https://www.voiceoverguy.co.uk/turtle-strike-voiceover","",""
"https://www.voiceoverguy.co.uk/english-voiceover","text/html; charset=utf-8","200","OK","1.1","Indexable","","https://www.voiceoverguy.co.uk/english-voiceover","",""
"https://www.voiceoverguy.co.uk/assets/img/blog/my-dpd-explainer-voice-over.jpg","image/jpeg","200","OK","1.1","Indexable","","","",""
"https://www.voiceoverguy.co.uk/halloween-voiceover","text/html; charset=utf-8","200","OK","1.1","Indexable","","https://www.voiceoverguy.co.uk/halloween-voiceover","",""
"https://www.voiceoverguy.co.uk/le-becks-natual-voiceover","text/html; charset=utf-8","200","OK","1.1","Indexable","","https://www.voiceoverguy.co.uk/le-becks-natual-voiceover","",""
"https://www.voiceoverguy.co.uk/samsung-national-radio-commercial","text/html; charset=utf-8","200","OK","1.1","Indexable","","https://www.voiceoverguy.co.uk/samsung-national-radio-commercial","",""
"https://www.voiceoverguy.co.uk/assets/img/blog/voice-coaching-by-richard-di-britannia.jpg","image/jpeg","200","OK","1.1","Indexable","","","",""
"https://www.voiceoverguy.co.uk/assets/img/blog/seat-hidden-heroes-adrian.jpg","image/jpeg","200","OK","1.1","Indexable","","","",""
"https://www.voiceoverguy.co.uk/wren-kitchens-voiceover","text/html; charset=utf-8","200","OK","1.1","Indexable","","https://www.voiceoverguy.co.uk/wren-kitchens-voiceover","",""
"https://www.voiceoverguy.co.uk/assets/img/blog/microsoft-cloud-explainer-video.jpg","image/jpeg","200","OK","1.1","Indexable","","","",""
"https://www.voiceoverguy.co.uk/famous-voiceover-artists","text/html; charset=utf-8","200","OK","1.1","Indexable","","https://www.voiceoverguy.co.uk/famous-voiceover-artists","",""
"https://www.voiceoverguy.co.uk/assets/img/blog/saturday-night-takeaway-voice.jpg","image/jpeg","200","OK","1.1","Indexable","","","",""
"https://www.voiceoverguy.co.uk/top-5-films-that-use-voice-over-narration-perfectly","text/html; charset=utf-8","200","OK","1.1","Indexable","","https://www.voiceoverguy.co.uk/top-5-films-that-use-voice-over-narration-perfectly","",""
"https://www.voiceoverguy.co.uk/assets/img/blog/michelin-cross-climate-voiceover.jpg","image/jpeg","200","OK","1.1","Indexable","","","",""
"https://www.voiceoverguy.co.uk/assets/img/blog/mustard-car-van-insurance-radio-advert-voiceover.webp","image/webp","200","OK","1.1","Indexable","","","",""
"https://www.voiceoverguy.co.uk/minecraft-backpack-patrick-stewart-style-voiceover","text/html; charset=utf-8","200","OK","1.1","Indexable","","https://www.voiceoverguy.co.uk/minecraft-backpack-patrick-stewart-style-voiceover","",""
"https://www.voiceoverguy.co.uk/assets/img/blog/voiceover-vox-award-winner-2019.jpg","image/jpeg","200","OK","1.1","Indexable","","","",""
"https://www.voiceoverguy.co.uk/nfl-cbs-sports-king-henry-voice-patrick-stewart","text/html; charset=utf-8","200","OK","1.1","Indexable","","https://www.voiceoverguy.co.uk/nfl-cbs-sports-king-henry-voice-patrick-stewart","",""
"https://www.voiceoverguy.co.uk/turkcell-red-riding-hood-film-voiceover","text/html; charset=utf-8","200","OK","1.1","Indexable","","https://www.voiceoverguy.co.uk/turkcell-red-riding-hood-film-voiceover","",""
"https://www.voiceoverguy.co.uk/boom-beach-hammerman-voice","text/html; charset=utf-8","200","OK","1.1","Indexable","","https://www.voiceoverguy.co.uk/boom-beach-hammerman-voice","",""
"https://www.voiceoverguy.co.uk/assets/img/blog/samsung-national-radio-commercial.jpg","image/jpeg","200","OK","1.1","Indexable","","","",""
"https://www.voiceoverguy.co.uk/assets/img/blog/unesco-water-voiceover.jpg","image/jpeg","200","OK","1.1","Indexable","","","",""
"https://www.voiceoverguy.co.uk/g-fuel-golden-apple-pear","text/html; charset=utf-8","200","OK","1.1","Indexable","","https://www.voiceoverguy.co.uk/g-fuel-golden-apple-pear","",""
"https://www.voiceoverguy.co.uk/professional-voice-over-vs-cheaper-alternative-voiceover","text/html; charset=utf-8","200","OK","1.1","Indexable","","https://www.voiceoverguy.co.uk/professional-voice-over-vs-cheaper-alternative-voiceover","",""
"https://www.voiceoverguy.co.uk/assets/img/blog/radiator-warehouse-voice.jpg","image/jpeg","200","OK","1.1","Indexable","","","",""
"https://www.voiceoverguy.co.uk/little-monster-media-movie-voice","text/html; charset=utf-8","200","OK","1.1","Indexable","","https://www.voiceoverguy.co.uk/little-monster-media-movie-voice","",""
"https://www.voiceoverguy.co.uk/assets/img/blog/1st-disney-voiceover.jpg","image/jpeg","200","OK","1.1","Indexable","","","",""
"https://www.voiceoverguy.co.uk/voice-of-santa-guy-harris","text/html; charset=utf-8","200","OK","1.1","Indexable","","https://www.voiceoverguy.co.uk/voice-of-santa-guy-harris","",""
"https://www.voiceoverguy.co.uk/articulate-game-voiceover","text/html; charset=utf-8","200","OK","1.1","Indexable","","https://www.voiceoverguy.co.uk/articulate-game-voiceover","",""
"https://www.voiceoverguy.co.uk/assets/img/blog/wirecard-male-voice-over.jpg","image/jpeg","200","OK","1.1","Indexable","","","",""
"https://www.voiceoverguy.co.uk/assets/img/blog/pig-goes-Pop-Voiceover.jpg","image/jpeg","200","OK","1.1","Indexable","","","",""
"https://www.voiceoverguy.co.uk/horlicks-promo-voice","text/html; charset=utf-8","200","OK","1.1","Indexable","","https://www.voiceoverguy.co.uk/horlicks-promo-voice","",""
"https://www.voiceoverguy.co.uk/apple-voiceover","text/html; charset=utf-8","200","OK","1.1","Indexable","","https://www.voiceoverguy.co.uk/apple-voiceover","",""
"https://www.voiceoverguy.co.uk/assets/img/blog/character-voices-song.jpg","image/jpeg","200","OK","1.1","Indexable","","","",""
"https://www.voiceoverguy.co.uk/ninja-warrior-uk-fitbit-sponsor-bumpers","text/html; charset=utf-8","200","OK","1.1","Indexable","","https://www.voiceoverguy.co.uk/ninja-warrior-uk-fitbit-sponsor-bumpers","",""
"https://www.voiceoverguy.co.uk/character-voices-song","text/html; charset=utf-8","200","OK","1.1","Indexable","","https://www.voiceoverguy.co.uk/character-voices-song","",""
"https://www.voiceoverguy.co.uk/assets/img/blog/alton-towers-scarefest-spooky-voice.jpg","image/jpeg","200","OK","1.1","Indexable","","","",""
"https://www.voiceoverguy.co.uk/assets/img/blog/just-eat-uefa-football-commentator-voice.jpg","image/jpeg","200","OK","1.1","Indexable","","","",""
"https://www.voiceoverguy.co.uk/turkish-airlines-football-commentator-voiceover","text/html; charset=utf-8","200","OK","1.1","Indexable","","https://www.voiceoverguy.co.uk/turkish-airlines-football-commentator-voiceover","",""
"https://www.voiceoverguy.co.uk/snickers-football-commentator-voice","text/html; charset=utf-8","200","OK","1.1","Indexable","","https://www.voiceoverguy.co.uk/snickers-football-commentator-voice","",""
"https://www.voiceoverguy.co.uk/human-voice-over-vs-ai","text/html; charset=utf-8","200","OK","1.1","Indexable","","https://www.voiceoverguy.co.uk/human-voice-over-vs-ai","",""
"https://www.voiceoverguy.co.uk/assets/img/blog/champion-eleven-football-commentator-voice.jpg","image/jpeg","200","OK","1.1","Indexable","","","",""
"https://www.voiceoverguy.co.uk/assets/img/blog/what-is-explainer-video-voiceover.jpg","image/jpeg","200","OK","1.1","Indexable","","","",""
"https://www.voiceoverguy.co.uk/assets/img/blog/phoenixpb-xplainer-video.jpg","image/jpeg","200","OK","1.1","Indexable","","","",""
"https://www.voiceoverguy.co.uk/bank-sohar-explainer-voiceover","text/html; charset=utf-8","200","OK","1.1","Indexable","","https://www.voiceoverguy.co.uk/bank-sohar-explainer-voiceover","",""
"https://www.voiceoverguy.co.uk/renton-trainspotting-choose-life-voiceover","text/html; charset=utf-8","200","OK","1.1","Indexable","","https://www.voiceoverguy.co.uk/renton-trainspotting-choose-life-voiceover","",""
"https://www.voiceoverguy.co.uk/assets/img/blog/batelco-wifi-voice.jpg","image/jpeg","200","OK","1.1","Indexable","","","",""
"https://www.voiceoverguy.co.uk/assets/img/blog/turkish-bird-attenborough-voice.jpg","image/jpeg","200","OK","1.1","Indexable","","","",""
"https://www.voiceoverguy.co.uk/assets/img/blog/beccas-bunce-voice-of-ringo.jpg","image/jpeg","200","OK","1.1","Indexable","","","",""
"https://www.voiceoverguy.co.uk/assets/img/blog/christmas-party-fireworks-santa-voice.jpg","image/jpeg","200","OK","1.1","Indexable","","","",""
"https://www.voiceoverguy.co.uk/bbk-travel-insurance-voiceover","text/html; charset=utf-8","200","OK","1.1","Indexable","","https://www.voiceoverguy.co.uk/bbk-travel-insurance-voiceover","",""
"https://www.voiceoverguy.co.uk/assets/img/blog/g-fuel-golden%20apple-pear.jpg","image/jpeg","200","OK","1.1","Indexable","","","",""
"https://www.voiceoverguy.co.uk/vegan-film-voiceover","text/html; charset=utf-8","200","OK","1.1","Indexable","","https://www.voiceoverguy.co.uk/vegan-film-voiceover","",""
"https://www.voiceoverguy.co.uk/assets/img/blog/top-5-films-that-use-voice-over-narration-perfectly2.jpg","image/jpeg","200","OK","1.1","Indexable","","","",""
"https://www.voiceoverguy.co.uk/kelloggs-origins-voiceover","text/html; charset=utf-8","200","OK","1.1","Indexable","","https://www.voiceoverguy.co.uk/kelloggs-origins-voiceover","",""
"https://www.voiceoverguy.co.uk/a-team-voice","text/html; charset=utf-8","200","OK","1.1","Indexable","","https://www.voiceoverguy.co.uk/a-team-voice","",""
"https://www.voiceoverguy.co.uk/123-casinos-voiceover","text/html; charset=utf-8","200","OK","1.1","Indexable","","https://www.voiceoverguy.co.uk/123-casinos-voiceover","",""
"https://www.voiceoverguy.co.uk/ideal-heating-soft-male-voice","text/html; charset=utf-8","200","OK","1.1","Indexable","","https://www.voiceoverguy.co.uk/ideal-heating-soft-male-voice","",""
"https://www.voiceoverguy.co.uk/judgment-apocalypse-survival-voice","text/html; charset=utf-8","200","OK","1.1","Indexable","","https://www.voiceoverguy.co.uk/judgment-apocalypse-survival-voice","",""
"https://www.voiceoverguy.co.uk/assets/img/blog/seabrooks-in-for-a-penny-sponsor-voiceover.jpg","image/jpeg","200","OK","1.1","Indexable","","","",""
"https://www.voiceoverguy.co.uk/assets/img/blog/british-aqua-feeds-christmas-advert-patrick-stewart-voice.jpg","image/jpeg","200","OK","1.1","Indexable","","","",""
"https://www.voiceoverguy.co.uk/micropolitics-suzys-beauty-salon","text/html; charset=utf-8","200","OK","1.1","Indexable","","https://www.voiceoverguy.co.uk/micropolitics-suzys-beauty-salon","",""
"https://www.voiceoverguy.co.uk/microsoft-cloud-explainer-video","text/html; charset=utf-8","200","OK","1.1","Indexable","","https://www.voiceoverguy.co.uk/microsoft-cloud-explainer-video","",""
"https://www.voiceoverguy.co.uk/european-collaboration-summit-patrick-stewart-voiceover","text/html; charset=utf-8","200","OK","1.1","Indexable","","https://www.voiceoverguy.co.uk/european-collaboration-summit-patrick-stewart-voiceover","",""
"https://www.voiceoverguy.co.uk/assets/img/blog/crowd-hub-x-explainer-video-voiceover.jpg","image/jpeg","200","OK","1.1","Indexable","","","",""
"https://www.voiceoverguy.co.uk/assets/img/blog/manchester-city-football-commentry-voice.jpg","image/jpeg","200","OK","1.1","Indexable","","","",""
"https://www.voiceoverguy.co.uk/what-is-explainer-video-voiceover","text/html; charset=utf-8","200","OK","1.1","Indexable","","https://www.voiceoverguy.co.uk/what-is-explainer-video-voiceover","",""
"https://www.voiceoverguy.co.uk/the-perfect-recording-studio-set-up","text/html; charset=utf-8","200","OK","1.1","Indexable","","https://www.voiceoverguy.co.uk/the-perfect-recording-studio-set-up","",""
"https://www.voiceoverguy.co.uk/assets/img/blog/evil-character-voiceover.jpg","image/jpeg","200","OK","1.1","Indexable","","","",""
"https://www.voiceoverguy.co.uk/which-recording-studio-software-is-best","text/html; charset=utf-8","200","OK","1.1","Indexable","","https://www.voiceoverguy.co.uk/which-recording-studio-software-is-best","",""
"https://www.voiceoverguy.co.uk/assets/img/blog/reset-app-voice.jpg","image/jpeg","200","OK","1.1","Indexable","","","",""
"https://www.voiceoverguy.co.uk/govind-trailer-deep-male-voice","text/html; charset=utf-8","200","OK","1.1","Indexable","","https://www.voiceoverguy.co.uk/govind-trailer-deep-male-voice","",""
"https://www.voiceoverguy.co.uk/assets/img/blog/breda-university-of-applied-sciences-voice.jpg","image/jpeg","200","OK","1.1","Indexable","","","",""
"https://www.voiceoverguy.co.uk/assets/img/blog/horlicks-promo-voice.jpg","image/jpeg","200","OK","1.1","Indexable","","","",""
"https://www.voiceoverguy.co.uk/champion-eleven-football-commentator-voice","text/html; charset=utf-8","200","OK","1.1","Indexable","","https://www.voiceoverguy.co.uk/champion-eleven-football-commentator-voice","",""
"https://www.voiceoverguy.co.uk/european-collaboration-summit-tickets-voiceover","text/html; charset=utf-8","200","OK","1.1","Indexable","","https://www.voiceoverguy.co.uk/european-collaboration-summit-tickets-voiceover","",""
"https://www.voiceoverguy.co.uk/on-the-tools-attenborough","text/html; charset=utf-8","200","OK","1.1","Indexable","","https://www.voiceoverguy.co.uk/on-the-tools-attenborough","",""
"https://www.voiceoverguy.co.uk/assets/img/blog/micropolitics-under-14-handball-team.jpg","image/jpeg","200","OK","1.1","Indexable","","","",""
"https://www.voiceoverguy.co.uk/assets/img/blog/bugs-in-kitchen-voice.jpg","image/jpeg","200","OK","1.1","Indexable","","","",""
"https://www.voiceoverguy.co.uk/morrisons-wonky-in-store-voiceovers","text/html; charset=utf-8","200","OK","1.1","Indexable","","https://www.voiceoverguy.co.uk/morrisons-wonky-in-store-voiceovers","",""
"https://www.voiceoverguy.co.uk/assets/img/blog/ninja-warrior-uk-fitbit-sponsor-bumpers.jpg","image/jpeg","200","OK","1.1","Indexable","","","",""
"https://www.voiceoverguy.co.uk/assets/img/blog/compare-my-wedding-voice.jpg","image/jpeg","200","OK","1.1","Indexable","","","",""
"https://www.voiceoverguy.co.uk/assets/img/blog/hotels-dot-com-what-else-could-go-wrong-voiceover.jpg","image/jpeg","200","OK","1.1","Indexable","","","",""
"https://www.voiceoverguy.co.uk/assets/img/blog/thomas-friends-voiceover.jpg","image/jpeg","200","OK","1.1","Indexable","","","",""
"https://www.voiceoverguy.co.uk/_next/static/chunks/app/voiceover-news/page-f70634b8cee7e9b1.js","application/javascript; charset=utf-8","200","OK","1.1","Indexable","","","",""
"https://www.voiceoverguy.co.uk/assets/img/blog/snickers-football-commentator-voice.jpg","image/jpeg","200","OK","1.1","Indexable","","","",""
"https://www.voiceoverguy.co.uk/the-most-challenging-voiceover-job","text/html; charset=utf-8","200","OK","1.1","Indexable","","https://www.voiceoverguy.co.uk/the-most-challenging-voiceover-job","",""
"https://www.voiceoverguy.co.uk/assets/img/blog/the-most-challenging-voiceover-job.webp","image/webp","200","OK","1.1","Indexable","","","",""
"https://www.voiceoverguy.co.uk/assets/img/blog/poundland-self-service-till-santa-voice.jpg","image/jpeg","200","OK","1.1","Indexable","","","",""
"https://www.voiceoverguy.co.uk/assets/img/blog/a-team-voice.jpg","image/jpeg","200","OK","1.1","Indexable","","","",""
"https://www.voiceoverguy.co.uk/faze-rug-chug-rug-g-fuel","text/html; charset=utf-8","200","OK","1.1","Indexable","","https://www.voiceoverguy.co.uk/faze-rug-chug-rug-g-fuel","",""
"https://www.voiceoverguy.co.uk/boov-pop-game-trailer","text/html; charset=utf-8","200","OK","1.1","Indexable","","https://www.voiceoverguy.co.uk/boov-pop-game-trailer","",""
"https://www.voiceoverguy.co.uk/assets/img/blog/wooky-hole-caves-quirky-voice.jpg","image/jpeg","200","OK","1.1","Indexable","","","",""
"https://www.voiceoverguy.co.uk/assets/img/blog/falcon-alkoholfri-attenborough-voice.jpg","image/jpeg","200","OK","1.1","Indexable","","","",""
"https://www.voiceoverguy.co.uk/assets/img/blog/cloud-voiceover.jpg","image/jpeg","200","OK","1.1","Indexable","","","",""
"https://www.voiceoverguy.co.uk/virtual-voiceover-studio-online","text/html; charset=utf-8","200","OK","1.1","Indexable","","https://www.voiceoverguy.co.uk/virtual-voiceover-studio-online","",""
"https://www.voiceoverguy.co.uk/michelin-cross-climate-voiceover","text/html; charset=utf-8","200","OK","1.1","Indexable","","https://www.voiceoverguy.co.uk/michelin-cross-climate-voiceover","",""
"https://www.voiceoverguy.co.uk/fifa-22-goat-foat-sheffield-fc-promo-voice","text/html; charset=utf-8","200","OK","1.1","Indexable","","https://www.voiceoverguy.co.uk/fifa-22-goat-foat-sheffield-fc-promo-voice","",""
"https://www.voiceoverguy.co.uk/crowd-hub-x-explainer-video-voiceover","text/html; charset=utf-8","200","OK","1.1","Indexable","","https://www.voiceoverguy.co.uk/crowd-hub-x-explainer-video-voiceover","",""
"https://www.voiceoverguy.co.uk/shooting-business-voice","text/html; charset=utf-8","200","OK","1.1","Indexable","","https://www.voiceoverguy.co.uk/shooting-business-voice","",""
"https://www.voiceoverguy.co.uk/assets/img/blog/scary-movie-ghost-face-voice.jpg","image/jpeg","200","OK","1.1","Indexable","","","",""
"https://www.voiceoverguy.co.uk/voice-of-venom","text/html; charset=utf-8","200","OK","1.1","Indexable","","https://www.voiceoverguy.co.uk/voice-of-venom","",""
"https://www.voiceoverguy.co.uk/hotels-dot-com-what-else-could-go-wrong-voiceover","text/html; charset=utf-8","200","OK","1.1","Indexable","","https://www.voiceoverguy.co.uk/hotels-dot-com-what-else-could-go-wrong-voiceover","",""
"https://www.voiceoverguy.co.uk/assets/img/blog/qatar-drone-race-psg-voiceover.jpg","image/jpeg","200","OK","1.1","Indexable","","","",""
"https://www.voiceoverguy.co.uk/assets/img/blog/rakbank-voiceover.jpg","image/jpeg","200","OK","1.1","Indexable","","","",""
"https://www.voiceoverguy.co.uk/star-wars-character-voices","text/html; charset=utf-8","200","OK","1.1","Indexable","","https://www.voiceoverguy.co.uk/star-wars-character-voices","",""
"https://www.voiceoverguy.co.uk/assets/img/blog/professional-voice-over-vs-cheaper-alternative-voiceover.jpg","image/jpeg","200","OK","1.1","Indexable","","","",""
"https://www.voiceoverguy.co.uk/assets/img/blog/penarium-game-trailer-voice.jpg","image/jpeg","200","OK","1.1","Indexable","","","",""
"https://www.voiceoverguy.co.uk/assets/img/blog/cartoon-voiceover-guide2.jpg","image/jpeg","200","OK","1.1","Indexable","","","",""
"https://www.voiceoverguy.co.uk/britains-got-talent-competition-voice","text/html; charset=utf-8","200","OK","1.1","Indexable","","https://www.voiceoverguy.co.uk/britains-got-talent-competition-voice","",""
"https://www.voiceoverguy.co.uk/assets/img/blog/war-friends-army-voice.jpg","image/jpeg","200","OK","1.1","Indexable","","","",""
"https://www.voiceoverguy.co.uk/ford-trucks-international-a-million-thanks","text/html; charset=utf-8","200","OK","1.1","Indexable","","https://www.voiceoverguy.co.uk/ford-trucks-international-a-million-thanks","",""
"https://www.voiceoverguy.co.uk/dead-daises-promo-voice","text/html; charset=utf-8","200","OK","1.1","Indexable","","https://www.voiceoverguy.co.uk/dead-daises-promo-voice","",""
"https://www.voiceoverguy.co.uk/assets/img/blog/vernon-kay-ultra-ultra-marathon-challenge-uk-trailer-voice.jpg","image/jpeg","200","OK","1.1","Indexable","","","",""
"https://www.voiceoverguy.co.uk/pathe-news-jack-fm","text/html; charset=utf-8","200","OK","1.1","Indexable","","https://www.voiceoverguy.co.uk/pathe-news-jack-fm","",""
"https://www.voiceoverguy.co.uk/assets/img/blog/guy-harris-character-showreel.jpg","image/jpeg","200","OK","1.1","Indexable","","","",""
"https://www.voiceoverguy.co.uk/assets/img/blog/go-to-malta-explainer-voice.jpg","image/jpeg","200","OK","1.1","Indexable","","","",""
"https://www.voiceoverguy.co.uk/walkers-crisps-spell-go","text/html; charset=utf-8","200","OK","1.1","Indexable","","https://www.voiceoverguy.co.uk/walkers-crisps-spell-go","",""
"https://www.voiceoverguy.co.uk/my-dpd-explainer-voice-over","text/html; charset=utf-8","200","OK","1.1","Indexable","","https://www.voiceoverguy.co.uk/my-dpd-explainer-voice-over","",""
"https://www.voiceoverguy.co.uk/assets/img/blog/Voice%20of%20Venom.jpg","image/jpeg","200","OK","1.1","Indexable","","","",""
"https://www.voiceoverguy.co.uk/assets/img/blog/santa-po-ferries-christmas-ad.webp","image/webp","200","OK","1.1","Indexable","","","",""
"https://www.voiceoverguy.co.uk/voiceover-vox-award-winner-2018","text/html; charset=utf-8","200","OK","1.1","Indexable","","https://www.voiceoverguy.co.uk/voiceover-vox-award-winner-2018","",""
"https://www.voiceoverguy.co.uk/cbbc-pirate-week-voice","text/html; charset=utf-8","200","OK","1.1","Indexable","","https://www.voiceoverguy.co.uk/cbbc-pirate-week-voice","",""
"https://www.voiceoverguy.co.uk/opel-the-future-is-everyones","text/html; charset=utf-8","200","OK","1.1","Indexable","","https://www.voiceoverguy.co.uk/opel-the-future-is-everyones","",""
"https://www.voiceoverguy.co.uk/assets/img/blog/barclaycard-fraud-fighter-tool-voiceover.jpg","image/jpeg","200","OK","1.1","Indexable","","","",""
"https://www.voiceoverguy.co.uk/assets/img/blog/bbc-radio-2-voice-of-santa.jpg","image/jpeg","200","OK","1.1","Indexable","","","",""
"https://www.voiceoverguy.co.uk/assets/img/blog/horizon-zero-dawn-voice.jpg","image/jpeg","200","OK","1.1","Indexable","","","",""
"https://www.voiceoverguy.co.uk/christmas-party-fireworks-santa-voice","text/html; charset=utf-8","200","OK","1.1","Indexable","","https://www.voiceoverguy.co.uk/christmas-party-fireworks-santa-voice","",""
"https://www.voiceoverguy.co.uk/voiceover-services-uk","text/html; charset=utf-8","200","OK","1.1","Indexable","","https://www.voiceoverguy.co.uk/voiceover-services-uk","",""
"https://www.voiceoverguy.co.uk/barclaycard-fraud-fighter-tool-voiceover","text/html; charset=utf-8","200","OK","1.1","Indexable","","https://www.voiceoverguy.co.uk/barclaycard-fraud-fighter-tool-voiceover","",""
"https://www.voiceoverguy.co.uk/assets/img/blog/minecraft-backpack-patrick-stewart-style-voiceover.jpg","image/jpeg","200","OK","1.1","Indexable","","","",""
"https://www.voiceoverguy.co.uk/assets/img/blog/voiceover-services-uk-explainer.jpg","image/jpeg","200","OK","1.1","Indexable","","","",""
"https://www.voiceoverguy.co.uk/bmoji-app-voiceover","text/html; charset=utf-8","200","OK","1.1","Indexable","","https://www.voiceoverguy.co.uk/bmoji-app-voiceover","",""
"https://www.voiceoverguy.co.uk/warwings-game-trailer-voice","text/html; charset=utf-8","200","OK","1.1","Indexable","","https://www.voiceoverguy.co.uk/warwings-game-trailer-voice","",""
"https://www.voiceoverguy.co.uk/assets/img/blog/boom-beach-hammerman-hot-tub-voice.jpg","image/jpeg","200","OK","1.1","Indexable","","","",""
"https://www.voiceoverguy.co.uk/assets/img/blog/human-voice-over-vs-ai-robot.jpg","image/jpeg","200","OK","1.1","Indexable","","","",""
"https://www.voiceoverguy.co.uk/beccas-bunce-voice-of-ringo","text/html; charset=utf-8","200","OK","1.1","Indexable","","https://www.voiceoverguy.co.uk/beccas-bunce-voice-of-ringo","",""
"https://www.voiceoverguy.co.uk/wooky-hole-caves-quirky-voice","text/html; charset=utf-8","200","OK","1.1","Indexable","","https://www.voiceoverguy.co.uk/wooky-hole-caves-quirky-voice","",""
"https://www.voiceoverguy.co.uk/psycho-circus-scary-evil-voice","text/html; charset=utf-8","200","OK","1.1","Indexable","","https://www.voiceoverguy.co.uk/psycho-circus-scary-evil-voice","",""
"https://www.voiceoverguy.co.uk/assets/img/blog/pathe-news-jack-fm.jpg","image/jpeg","200","OK","1.1","Indexable","","","",""
"https://www.voiceoverguy.co.uk/because-i-see-voiceover","text/html; charset=utf-8","200","OK","1.1","Indexable","","https://www.voiceoverguy.co.uk/because-i-see-voiceover","",""
"https://www.voiceoverguy.co.uk/thomas-the-tank-engine-voice-of-winston","text/html; charset=utf-8","200","OK","1.1","Indexable","","https://www.voiceoverguy.co.uk/thomas-the-tank-engine-voice-of-winston","",""
"https://www.voiceoverguy.co.uk/penarium-game-trailer-voice","text/html; charset=utf-8","200","OK","1.1","Indexable","","https://www.voiceoverguy.co.uk/penarium-game-trailer-voice","",""
"https://www.voiceoverguy.co.uk/assets/img/blog/boov-pop-game-trailer.jpg","image/jpeg","200","OK","1.1","Indexable","","","",""
"https://www.voiceoverguy.co.uk/rakbank-voiceover","text/html; charset=utf-8","200","OK","1.1","Indexable","","https://www.voiceoverguy.co.uk/rakbank-voiceover","",""
"https://www.voiceoverguy.co.uk/assets/img/blog/original-voice-of-santa-guy-harris.jpg","image/jpeg","200","OK","1.1","Indexable","","","",""
"https://www.voiceoverguy.co.uk/assets/img/blog/craig-cash-gogglebox-voiceover.jpg","image/jpeg","200","OK","1.1","Indexable","","","",""
"https://www.voiceoverguy.co.uk/assets/img/blog/iboy-football-commentator.jpg","image/jpeg","200","OK","1.1","Indexable","","","",""
"https://www.voiceoverguy.co.uk/assets/img/blog/faze-rug-chug-rug-g-fuel.jpg","image/jpeg","200","OK","1.1","Indexable","","","",""
"https://www.voiceoverguy.co.uk/doggie-doo-voice-over","text/html; charset=utf-8","200","OK","1.1","Indexable","","https://www.voiceoverguy.co.uk/doggie-doo-voice-over","",""
"https://www.voiceoverguy.co.uk/assets/img/blog/david-attenborough-impression.jpg","image/jpeg","200","OK","1.1","Indexable","","","",""
"https://www.voiceoverguy.co.uk/unesco-water-voiceover","text/html; charset=utf-8","200","OK","1.1","Indexable","","https://www.voiceoverguy.co.uk/unesco-water-voiceover","",""
"https://www.voiceoverguy.co.uk/assets/img/blog/pantomime-dame-voice.jpg","image/jpeg","200","OK","1.1","Indexable","","","",""
"https://www.voiceoverguy.co.uk/breda-university-of-applied-sciences-voice","text/html; charset=utf-8","200","OK","1.1","Indexable","","https://www.voiceoverguy.co.uk/breda-university-of-applied-sciences-voice","",""
"https://www.voiceoverguy.co.uk/assets/img/blog/cracking-ice-david-attenborough-impression.jpg","image/jpeg","200","OK","1.1","Indexable","","","",""
"https://www.voiceoverguy.co.uk/assets/img/blog/kelloggs-origins-voiceover.jpg","image/jpeg","200","OK","1.1","Indexable","","","",""
"https://www.voiceoverguy.co.uk/assets/img/blog/bank-sohar-explainer-voiceover.jpg","image/jpeg","200","OK","1.1","Indexable","","","",""
"https://www.voiceoverguy.co.uk/assets/img/blog/big-super-hero-voiceover.jpg","image/jpeg","200","OK","1.1","Indexable","","","",""
"https://www.voiceoverguy.co.uk/big-super-hero-voiceover","text/html; charset=utf-8","200","OK","1.1","Indexable","","https://www.voiceoverguy.co.uk/big-super-hero-voiceover","",""
"https://www.voiceoverguy.co.uk/assets/img/blog/dpd-predict-voice.jpg","image/jpeg","200","OK","1.1","Indexable","","","",""
"https://www.voiceoverguy.co.uk/reset-app-voice","text/html; charset=utf-8","200","OK","1.1","Indexable","","https://www.voiceoverguy.co.uk/reset-app-voice","",""
"https://www.voiceoverguy.co.uk/_next/static/chunks/app/apple-voice-style/page-21ed338c291b53d4.js","application/javascript; charset=utf-8","200","OK","1.1","Indexable","","","",""
"https://www.voiceoverguy.co.uk/assets/images/apple-voice-style-og.webp","image/webp","200","OK","1.1","Indexable","","","",""
"https://www.voiceoverguy.co.uk/assets/img/blog/13-dead-end-drive-voiceover.jpg","image/jpeg","200","OK","1.1","Indexable","","","",""
"https://www.voiceoverguy.co.uk/_next/static/chunks/app/FAQ/page-0fd3f29b8e9b8347.js","application/javascript; charset=utf-8","200","OK","1.1","Indexable","","","",""
"https://www.voiceoverguy.co.uk/assets/img/blog/male-voiceover-in-wild.jpg","image/jpeg","200","OK","1.1","Indexable","","","",""
"https://www.voiceoverguy.co.uk/assets/img/blog/male-voiceover-on-stage.jpg","image/jpeg","200","OK","1.1","Indexable","","","",""
"https://www.voiceoverguy.co.uk/assets/img/blog/male-voiceover-talking-bad.jpg","image/jpeg","200","OK","1.1","Indexable","","","",""
"https://www.voiceoverguy.co.uk/assets/img/blog/male-voiceover-in-character.jpg","image/jpeg","200","OK","1.1","Indexable","","","",""
"https://www.voiceoverguy.co.uk/_next/static/chunks/app/commercial-voiceover/page-2d569b3a415359a9.js","application/javascript; charset=utf-8","200","OK","1.1","Indexable","","","",""
"https://www.voiceoverguy.co.uk/assets/images/on-hold-voice-og.webp","image/webp","200","OK","1.1","Indexable","","","",""
"https://www.voiceoverguy.co.uk/_next/static/chunks/app/on-hold-voice/page-decc21a2aac35c8c.js","application/javascript; charset=utf-8","200","OK","1.1","Indexable","","","",""
"https://www.voiceoverguy.co.uk/assets/images/commercial-voiceover.webp","image/webp","200","OK","1.1","Indexable","","","",""
"https://www.voiceoverguy.co.uk/pirate-voiceover","text/html; charset=utf-8","200","OK","1.1","Indexable","","https://www.voiceoverguy.co.uk/pirate-voiceover","",""
"https://www.voiceoverguy.co.uk/assets/images/pirate-voice-guy-harris.webp","image/webp","200","OK","1.1","Indexable","","","",""
"https://www.voiceoverguy.co.uk/pop-up-pirate-voiceover","text/html; charset=utf-8","200","OK","1.1","Indexable","","https://www.voiceoverguy.co.uk/pop-up-pirate-voiceover","",""
"https://www.voiceoverguy.co.uk/_next/static/chunks/app/pirate-voice/page-8e0a18fd47365de4.js","application/javascript; charset=utf-8","200","OK","1.1","Indexable","","","",""
"https://www.voiceoverguy.co.uk/lego-minifigures-pirate","text/html; charset=utf-8","200","OK","1.1","Indexable","","https://www.voiceoverguy.co.uk/lego-minifigures-pirate","",""
"https://www.voiceoverguy.co.uk/_next/static/chunks/app/game-trailer-voice/page-a8aae1e692939732.js","application/javascript; charset=utf-8","200","OK","1.1","Indexable","","","",""
"https://www.voiceoverguy.co.uk/assets/images/pathe-voice-og.webp","image/webp","200","OK","1.1","Indexable","","","",""
"https://www.voiceoverguy.co.uk/_next/static/chunks/app/pathe-news-voice/page-79d8b9b2e11aa138.js","application/javascript; charset=utf-8","200","OK","1.1","Indexable","","","",""
"https://www.voiceoverguy.co.uk/assets/img/blog/english-accents1.jpg","image/jpeg","200","OK","1.1","Indexable","","","",""
"https://www.voiceoverguy.co.uk/assets/img/blog/voiceoverstudio-finder.jpg","image/jpeg","200","OK","1.1","Indexable","","","",""
"https://www.voiceoverguy.co.uk/guide-to-regional-english-accents","text/html; charset=utf-8","200","OK","1.1","Indexable","","https://www.voiceoverguy.co.uk/guide-to-regional-english-accents","",""
"https://www.voiceoverguy.co.uk/_next/static/chunks/app/narration-voice/page-caf790a2827449cd.js","application/javascript; charset=utf-8","200","OK","1.1","Indexable","","","",""
"https://www.voiceoverguy.co.uk/assets/images/narration-voice-og.webp","image/webp","200","OK","1.1","Indexable","","","",""
"https://www.voiceoverguy.co.uk/_next/static/chunks/app/voiceover-studio/page-738c2572f2934c8c.js","application/javascript; charset=utf-8","200","OK","1.1","Indexable","","","",""
"https://www.voiceoverguy.co.uk/assets/images/studio/voiceoverguy-voicover-studio7.jpg","image/jpeg","200","OK","1.1","Indexable","","","",""
"https://www.voiceoverguy.co.uk/assets/images/studio/voiceoverguy-voicover-studio1.jpg","image/jpeg","200","OK","1.1","Indexable","","","",""
"https://www.voiceoverguy.co.uk/assets/images/studio/voiceoverguy-voicover-studio3.jpg","image/jpeg","200","OK","1.1","Indexable","","","",""
"https://www.voiceoverguy.co.uk/assets/images/studio/voiceoverguy-voicover-studio5.jpg","image/jpeg","200","OK","1.1","Indexable","","","",""
"https://www.voiceoverguy.co.uk/assets/images/studio/voiceoverguy-voicover-studio2.jpg","image/jpeg","200","OK","1.1","Indexable","","","",""
"https://www.voiceoverguy.co.uk/assets/images/studio/voiceoverguy-voicover-studio6.jpg","image/jpeg","200","OK","1.1","Indexable","","","",""
"https://www.voiceoverguy.co.uk/yorkshire-podcast-studio","text/html; charset=utf-8","200","OK","1.1","Indexable","","https://www.voiceoverguy.co.uk/yorkshire-podcast-studio","",""
"https://www.voiceoverguy.co.uk/assets/images/studio/voiceoverguy-voicover-studio4.jpg","image/jpeg","200","OK","1.1","Indexable","","","",""
"https://www.voiceoverguy.co.uk/assets/img/blog/guy-harris-characters.jpg","image/jpeg","200","OK","1.1","Indexable","","","",""
"https://www.voiceoverguy.co.uk/assets/images/voice-of-god-voice-og.webp","image/webp","200","OK","1.1","Indexable","","","",""
"https://www.voiceoverguy.co.uk/_next/static/chunks/app/voice-of-god/page-e95c033ab230ef57.js","application/javascript; charset=utf-8","200","OK","1.1","Indexable","","","",""
"https://www.voiceoverguy.co.uk/_next/static/chunks/app/character-voiceover/page-672e4c354e933951.js","application/javascript; charset=utf-8","200","OK","1.1","Indexable","","","",""
"https://www.voiceoverguy.co.uk/assets/images/character-voiceover.webp","image/webp","200","OK","1.1","Indexable","","","",""
"https://www.voiceoverguy.co.uk/_next/static/chunks/app/voiceover-imaging/page-7fceaa7313df0dc5.js","application/javascript; charset=utf-8","200","OK","1.1","Indexable","","","",""
"https://www.voiceoverguy.co.uk/super-hero-voice","text/html; charset=utf-8","200","OK","1.1","Indexable","","https://www.voiceoverguy.co.uk/super-hero-voice","",""
"https://www.voiceoverguy.co.uk/assets/images/cartoons/Voiceover-Cartoon-on-a-budget-747x1024.webp","image/webp","200","OK","1.1","Indexable","","","",""
"https://www.voiceoverguy.co.uk/assets/images/cartoons/Voiceover-Cartoon-Time-Stretching.webp","image/webp","200","OK","1.1","Indexable","","","",""
"https://www.voiceoverguy.co.uk/assets/images/cartoons/Voiceover-Cartoon-Vox.webp","image/webp","200","OK","1.1","Indexable","","","",""
"https://www.voiceoverguy.co.uk/assets/images/imaging-voice-og.webp","image/webp","200","OK","1.1","Indexable","","","",""
"https://www.voiceoverguy.co.uk/assets/images/cartoons/Voiceover-Cartoon-Awesome-At-Oral.webp","image/webp","200","OK","1.1","Indexable","","","",""
"https://www.voiceoverguy.co.uk/assets/images/cartoons/Voiceover-Cartoon-Busy-Day.webp","image/webp","200","OK","1.1","Indexable","","","",""
"https://www.voiceoverguy.co.uk/assets/images/cartoons/Voiceover-Cartoon-Sound-Proofing-747x1024.webp","image/webp","200","OK","1.1","Indexable","","","",""
"https://www.voiceoverguy.co.uk/assets/images/cartoons/Voiceover-Cartoon-DeEssing.webp","image/webp","200","OK","1.1","Indexable","","","",""
"https://www.voiceoverguy.co.uk/assets/images/cartoons/Voiceover-Cartoon-Pay-Peanuts.webp","image/webp","200","OK","1.1","Indexable","","","",""
"https://www.voiceoverguy.co.uk/assets/images/cartoons/Voiceover-Cartoon-Santa-Magic-747x1024.webp","image/webp","200","OK","1.1","Indexable","","","",""
"https://www.voiceoverguy.co.uk/assets/images/cartoons/Voiceover-Cartoon-Scary-VoicesIV.webp","image/webp","200","OK","1.1","Indexable","","","",""
"https://www.voiceoverguy.co.uk/assets/images/cartoons/Voiceover-Cartoon-Narration.webp","image/webp","200","OK","1.1","Indexable","","","",""
"https://www.voiceoverguy.co.uk/assets/images/cartoons/Voiceover-Cartoon-NDA.webp","image/webp","200","OK","1.1","Indexable","","","",""
"https://www.voiceoverguy.co.uk/assets/images/cartoons/Voiceover-Cartoon-Stephen-Hawkins-747x1024.webp","image/webp","200","OK","1.1","Indexable","","","",""
"https://www.voiceoverguy.co.uk/assets/images/cartoons/Voiceover-Cartoon-Voice-Of-God.webp","image/webp","200","OK","1.1","Indexable","","","",""
"https://www.voiceoverguy.co.uk/assets/images/cartoons/Voiceover-Cartoon-Pirate-Voice.webp","image/webp","200","OK","1.1","Indexable","","","",""
"https://www.voiceoverguy.co.uk/assets/images/cartoons/Voiceover-Cartoon-UAE.webp","image/webp","200","OK","1.1","Indexable","","","",""
"https://www.voiceoverguy.co.uk/assets/images/cartoons/Voiceover-Cartoon-Child-Voices.webp","image/webp","200","OK","1.1","Indexable","","","",""
"https://www.voiceoverguy.co.uk/assets/images/cartoons/Voiceover-Cartoon-Clothing.webp","image/webp","200","OK","1.1","Indexable","","","",""
"https://www.voiceoverguy.co.uk/assets/images/cartoons/Voiceover-Cartoon-Santa-Style.webp","image/webp","200","OK","1.1","Indexable","","","",""
"https://www.voiceoverguy.co.uk/assets/images/cartoons/Voiceover-Cartoon-Awards.webp","image/webp","200","OK","1.1","Indexable","","","",""
"https://www.voiceoverguy.co.uk/assets/images/cartoons/Voiceover-Cartoon-Alexander-Technique.webp","image/webp","200","OK","1.1","Indexable","","","",""
"https://www.voiceoverguy.co.uk/assets/images/cartoons/Voiceover-Cartoon-Showreels.webp","image/webp","200","OK","1.1","Indexable","","","",""
"https://www.voiceoverguy.co.uk/assets/images/cartoons/Voiceover-Cartoon-Losing-the-big-gig.webp","image/webp","200","OK","1.1","Indexable","","","",""
"https://www.voiceoverguy.co.uk/assets/images/cartoons/Voiceover-Cartoon-Mic-Selection.webp","image/webp","200","OK","1.1","Indexable","","","",""
"https://www.voiceoverguy.co.uk/assets/images/cartoons/Voiceover-Cartoon-Equity.webp","image/webp","200","OK","1.1","Indexable","","","",""
"https://www.voiceoverguy.co.uk/assets/images/cartoons/Voiceover-Cartoon-movie-trailer-voice.webp","image/webp","200","OK","1.1","Indexable","","","",""
"https://www.voiceoverguy.co.uk/assets/images/cartoons/Voiceover-Cartoon-Rudolf.webp","image/webp","200","OK","1.1","Indexable","","","",""
"https://www.voiceoverguy.co.uk/assets/images/cartoons/Voiceover-Cartoon-Sensual-Read.webp","image/webp","200","OK","1.1","Indexable","","","",""
"https://www.voiceoverguy.co.uk/assets/images/cartoons/Voiceover-Cartoon-Just-got-up.webp","image/webp","200","OK","1.1","Indexable","","","",""
"https://www.voiceoverguy.co.uk/assets/images/cartoons/Voiceover-Cartoon-Scary-VoicesII.webp","image/webp","200","OK","1.1","Indexable","","","",""
"https://www.voiceoverguy.co.uk/assets/images/cartoons/Voiceover-Cartoon-Today.webp","image/webp","200","OK","1.1","Indexable","","","",""
"https://www.voiceoverguy.co.uk/assets/images/cartoons/Voiceover-Cartoon-Poorly-Sick.webp","image/webp","200","OK","1.1","Indexable","","","",""
"https://www.voiceoverguy.co.uk/assets/images/cartoons/Voiceover-Cartoon-commuting.webp","image/webp","200","OK","1.1","Indexable","","","",""
"https://www.voiceoverguy.co.uk/assets/images/cartoons/Voiceover-Cartoon-Voice-Coach.webp","image/webp","200","OK","1.1","Indexable","","","",""
"https://www.voiceoverguy.co.uk/assets/images/cartoons/Voiceover-Cartoon-Last-Minute-Job.webp","image/webp","200","OK","1.1","Indexable","","","",""
"https://www.voiceoverguy.co.uk/assets/images/cartoons/Voiceover-Cartoon-topping-tailing.webp","image/webp","200","OK","1.1","Indexable","","","",""
"https://www.voiceoverguy.co.uk/assets/images/cartoons/Voiceover-Cartoon-A-30.webp","image/webp","200","OK","1.1","Indexable","","","",""
"https://www.voiceoverguy.co.uk/assets/images/cartoons/Voiceover-Cartoon-Santa-Calls.webp","image/webp","200","OK","1.1","Indexable","","","",""
"https://www.voiceoverguy.co.uk/assets/images/cartoons/Voiceover-Cartoon-illness.webp","image/webp","200","OK","1.1","Indexable","","","",""
"https://www.voiceoverguy.co.uk/assets/images/cartoons/Voiceover-Cartoon-Multitasking.webp","image/webp","200","OK","1.1","Indexable","","","",""
"https://www.voiceoverguy.co.uk/assets/images/cartoons/Voiceover-Cartoon-Popping-The-Mic.webp","image/webp","200","OK","1.1","Indexable","","","",""
"https://www.voiceoverguy.co.uk/assets/images/cartoons/Voiceover-Cartoon-Technology.webp","image/webp","200","OK","1.1","Indexable","","","",""
"https://www.voiceoverguy.co.uk/assets/images/cartoons/Voiceover-Cartoon-How-Much.webp","image/webp","200","OK","1.1","Indexable","","","",""
"https://www.voiceoverguy.co.uk/assets/images/cartoons/Voiceover-Cartoon-Source-Connect.webp","image/webp","200","OK","1.1","Indexable","","","",""
"https://www.voiceoverguy.co.uk/assets/images/cartoons/Voiceover-Cartoon-OnHold.webp","image/webp","200","OK","1.1","Indexable","","","",""
"https://www.voiceoverguy.co.uk/assets/images/cartoons/Voiceover-Cartoon-Bad-Santa.webp","image/webp","200","OK","1.1","Indexable","","","",""
"https://www.voiceoverguy.co.uk/assets/images/cartoons/Voiceover-Cartoon-hohoho.webp","image/webp","200","OK","1.1","Indexable","","","",""
"https://www.voiceoverguy.co.uk/assets/images/cartoons/Voiceover-Cartoon-Off-Mic.webp","image/webp","200","OK","1.1","Indexable","","","",""
"https://www.voiceoverguy.co.uk/assets/images/cartoons/Voiceover-Cartoon-Voiceover-Mums.webp","image/webp","200","OK","1.1","Indexable","","","",""
"https://www.voiceoverguy.co.uk/assets/images/cartoons/Voiceover-Cartoon-VoiceBid.webp","image/webp","200","OK","1.1","Indexable","","","",""
"https://www.voiceoverguy.co.uk/assets/images/cartoons/Voiceover-Cartoon-voice-gimp.webp","image/webp","200","OK","1.1","Indexable","","","",""
"https://www.voiceoverguy.co.uk/assets/images/cartoons/Voiceover-Cartoon-Technical-issues.webp","image/webp","200","OK","1.1","Indexable","","","",""
"https://www.voiceoverguy.co.uk/assets/images/cartoons/Voiceover-Cartoon-Quiet-Days.webp","image/webp","200","OK","1.1","Indexable","","","",""
"https://www.voiceoverguy.co.uk/assets/images/cartoons/Voiceover-Cartoon-In-Store-747x1024.webp","image/webp","200","OK","1.1","Indexable","","","",""
"https://www.voiceoverguy.co.uk/assets/images/cartoons/Voiceover-Cartoon-Demo-Tapes.webp","image/webp","200","OK","1.1","Indexable","","","",""
"https://www.voiceoverguy.co.uk/assets/images/cartoons/Voiceover-Cartoon-Dont-You-Know-Who-I-am.webp","image/webp","200","OK","1.1","Indexable","","","",""
"https://www.voiceoverguy.co.uk/assets/images/cartoons/Voiceover-Cartoon-Phone-Patching.webp","image/webp","200","OK","1.1","Indexable","","","",""
"https://www.voiceoverguy.co.uk/assets/images/cartoons/Voiceover-Cartoon-Accents.webp","image/webp","200","OK","1.1","Indexable","","","",""
"https://www.voiceoverguy.co.uk/assets/images/cartoons/Voiceover-Cartoon-12-Days.webp","image/webp","200","OK","1.1","Indexable","","","",""
"https://www.voiceoverguy.co.uk/assets/images/cartoons/Voiceover-Cartoon-Darth-Vader.webp","image/webp","200","OK","1.1","Indexable","","","",""
"https://www.voiceoverguy.co.uk/assets/images/cartoons/Voiceover-Cartoon-Pitch-Shifting.webp","image/webp","200","OK","1.1","Indexable","","","",""
"https://www.voiceoverguy.co.uk/assets/images/cartoons/Voiceover-Cartoon-On-The-Hunt.webp","image/webp","200","OK","1.1","Indexable","","","",""
"https://www.voiceoverguy.co.uk/assets/images/cartoons/Voiceover-Cartoon-Nov-5th.webp","image/webp","200","OK","1.1","Indexable","","","",""
"https://www.voiceoverguy.co.uk/assets/images/cartoons/Voiceover-Cartoon-client-written.webp","image/webp","200","OK","1.1","Indexable","","","",""
"https://www.voiceoverguy.co.uk/assets/images/cartoons/Voiceover-Cartoon-DeBreathing.webp","image/webp","200","OK","1.1","Indexable","","","",""
"https://www.voiceoverguy.co.uk/assets/images/cartoons/Voiceover-Cartoon-Too-Cheesey.webp","image/webp","200","OK","1.1","Indexable","","","",""
"https://www.voiceoverguy.co.uk/assets/images/cartoons/Voiceover-Cartoon-Dinner-Bore.webp","image/webp","200","OK","1.1","Indexable","","","",""
"https://www.voiceoverguy.co.uk/assets/images/cartoons/Voiceover-Cartoon-London-Jobs.webp","image/webp","200","OK","1.1","Indexable","","","",""
"https://www.voiceoverguy.co.uk/assets/images/cartoons/Voiceover-Cartoon-The-Extra-Mile.webp","image/webp","200","OK","1.1","Indexable","","","",""
"https://www.voiceoverguy.co.uk/assets/images/cartoons/Voiceover-Cartoon-TheAgency.webp","image/webp","200","OK","1.1","Indexable","","","",""
"https://www.voiceoverguy.co.uk/_next/static/chunks/app/voiceover-cartoons/page-b34576e6f14fcb01.js","application/javascript; charset=utf-8","200","OK","1.1","Indexable","","","",""
"https://www.voiceoverguy.co.uk/assets/images/cartoons/Voiceover-Cartoon-Scary-Voices.webp","image/webp","200","OK","1.1","Indexable","","","",""
"https://www.voiceoverguy.co.uk/assets/images/cartoons/Voiceover-Cartoon-HowJSay.webp","image/webp","200","OK","1.1","Indexable","","","",""
"https://www.voiceoverguy.co.uk/assets/images/cartoons/Voiceover-Cartoon-Agency-Nerves.webp","image/webp","200","OK","1.1","Indexable","","","",""
"https://www.voiceoverguy.co.uk/assets/images/cartoons/Voiceover-Cartoon-Own-Studio.webp","image/webp","200","OK","1.1","Indexable","","","",""
"https://www.voiceoverguy.co.uk/assets/images/cartoons/Voiceover-Cartoon-Overseas-debts.webp","image/webp","200","OK","1.1","Indexable","","","",""
"https://www.voiceoverguy.co.uk/assets/images/cartoons/Voiceover-Cartoon-Agent.webp","image/webp","200","OK","1.1","Indexable","","","",""
"https://www.voiceoverguy.co.uk/_next/static/chunks/app/contact-guy/page-aeead0a81a4ca7c4.js","application/javascript; charset=utf-8","200","OK","1.1","Indexable","","","",""
"https://www.voiceoverguy.co.uk/assets/images/voiceover-contact.webp","image/webp","200","OK","1.1","Indexable","","","",""
"https://www.voiceoverguy.co.uk/assets/img/blog/northern-gas-advert.jpg","image/jpeg","200","OK","1.1","Indexable","","","",""
"https://www.voiceoverguy.co.uk/assets/img/blog/human-voice-over-vs-ai-robot-battle.jpg","image/jpeg","200","OK","1.1","Indexable","","","",""
"https://www.voiceoverguy.co.uk/assets/img/blog/michael-caine-voiceover.jpg","image/jpeg","200","OK","1.1","Indexable","","","",""
"https://www.voiceoverguy.co.uk/assets/img/blog/eze-group-explainer-voice.jpg","image/jpeg","200","OK","1.1","Indexable","","","",""
"https://www.voiceoverguy.co.uk/eze-group-explainer-voice","text/html; charset=utf-8","200","OK","1.1","Indexable","","https://www.voiceoverguy.co.uk/eze-group-explainer-voice","",""
"https://www.voiceoverguy.co.uk/assets/img/blog/ai-voices-vs-human-voiceover.jpg","image/jpeg","200","OK","1.1","Indexable","","","",""
"https://www.voiceoverguy.co.uk/ai","text/html; charset=utf-8","200","OK","1.1","Indexable","","https://www.voiceoverguy.co.uk/ai","",""
"https://www.voiceoverguy.co.uk/sage-one-accounting","text/html; charset=utf-8","200","OK","1.1","Indexable","","https://www.voiceoverguy.co.uk/sage-one-accounting","",""
"https://www.voiceoverguy.co.uk/assets/img/blog/sage-one-accounting.jpg","image/jpeg","200","OK","1.1","Indexable","","","",""
"https://www.voiceoverguy.co.uk/assets/img/blog/how-important-is-voiceover-in-explainer-videos.jpg","image/jpeg","200","OK","1.1","Indexable","","","",""
"https://www.voiceoverguy.co.uk/european-collaboration-summit-patrick-stewart-voice","text/html; charset=utf-8","200","OK","1.1","Indexable","","https://www.voiceoverguy.co.uk/european-collaboration-summit-patrick-stewart-voice","",""
"https://www.voiceoverguy.co.uk/assets/img/blog/sage-one-payroll-voiceover.jpg","image/jpeg","200","OK","1.1","Indexable","","","",""
"https://www.voiceoverguy.co.uk/assets/img/blog/the-perfect-recording-studio-set-up4.jpg","image/jpeg","200","OK","1.1","Indexable","","","",""
"https://www.voiceoverguy.co.uk/assets/img/blog/infographic-videos.jpg","image/jpeg","200","OK","1.1","Indexable","","","",""
"https://www.voiceoverguy.co.uk/sage-one-payroll-voiceover","text/html; charset=utf-8","200","OK","1.1","Indexable","","https://www.voiceoverguy.co.uk/sage-one-payroll-voiceover","",""
"https://www.voiceoverguy.co.uk/assets/img/blog/the-perfect-recording-studio-set-up3.jpg","image/jpeg","200","OK","1.1","Indexable","","","",""
"https://www.voiceoverguy.co.uk/assets/img/blog/which-recording-studio-software-is-best4.jpg","image/jpeg","200","OK","1.1","Indexable","","","",""
"https://www.voiceoverguy.co.uk/assets/img/blog/best-male-voiceover.jpg","image/jpeg","200","OK","1.1","Indexable","","","",""
"https://www.voiceoverguy.co.uk/assets/img/blog/the-perfect-recording-studio-set-up2.jpg","image/jpeg","200","OK","1.1","Indexable","","","",""
"https://www.voiceoverguy.co.uk/assets/img/blog/which-recording-studio-software-is-best3.jpg","image/jpeg","200","OK","1.1","Indexable","","","",""
"https://www.voiceoverguy.co.uk/best-male-voiceover","text/html; charset=utf-8","200","OK","1.1","Indexable","","https://www.voiceoverguy.co.uk/best-male-voiceover","",""
"https://www.voiceoverguy.co.uk/assets/img/blog/lego-minifigures-pirate.jpg","image/jpeg","200","OK","1.1","Indexable","","","",""
"https://www.voiceoverguy.co.uk/assets/img/blog/european-collaboration-summit-patrick-stewart-voice.jpg","image/jpeg","200","OK","1.1","Indexable","","","",""
"https://www.voiceoverguy.co.uk/assets/img/blog/voiceover-services-uk-british-voice.jpg","image/jpeg","200","OK","1.1","Indexable","","","",""
"https://www.voiceoverguy.co.uk/assets/img/blog/voiceover-services-uk-commercial-voice.jpg","image/jpeg","200","OK","1.1","Indexable","","","",""
"https://www.voiceoverguy.co.uk/zalando-voiceover","text/html; charset=utf-8","200","OK","1.1","Indexable","","https://www.voiceoverguy.co.uk/zalando-voiceover","",""
"https://www.voiceoverguy.co.uk/assets/img/blog/zalando-voiceover.jpg","image/jpeg","200","OK","1.1","Indexable","","","",""
"https://www.voiceoverguy.co.uk/assets/img/blog/pop-up-pirate-voiceover.jpg","image/jpeg","200","OK","1.1","Indexable","","","",""
"https://www.voiceoverguy.co.uk/assets/img/blog/english-accents3.jpg","image/jpeg","200","OK","1.1","Indexable","","","",""
"https://www.voiceoverguy.co.uk/assets/img/blog/english-accents4.jpg","image/jpeg","200","OK","1.1","Indexable","","","",""
"https://www.voiceoverguy.co.uk/studiotour","text/html; charset=utf-8","200","OK","1.1","Indexable","","","",""
"https://www.voiceoverguy.co.uk/vegetarian-society","text/html; charset=utf-8","200","OK","1.1","Indexable","","https://www.voiceoverguy.co.uk/vegetarian-society","",""
"https://www.voiceoverguy.co.uk/assets/img/blog/vegetarian-society.jpg","image/jpeg","200","OK","1.1","Indexable","","","",""
"https://www.voiceoverguy.co.uk/assets/img/blog/english-voiceover-guy-harris.jpg","image/jpeg","200","OK","1.1","Indexable","","","",""
"https://www.voiceoverguy.co.uk/assets/img/blog/english-voiceover.jpg","image/jpeg","200","OK","1.1","Indexable","","","",""
"https://www.voiceoverguy.co.uk/assets/img/blog/3rd-gary-oldman-voiceover.jpg","image/jpeg","200","OK","1.1","Indexable","","","",""
"https://www.voiceoverguy.co.uk/assets/img/blog/2nd-hank-azaria-voiceover.jpg","image/jpeg","200","OK","1.1","Indexable","","","",""
"https://www.voiceoverguy.co.uk/assets/img/blog/4th-patrick-stewart-voiceover.jpg","image/jpeg","200","OK","1.1","Indexable","","","",""
"https://www.voiceoverguy.co.uk/dapper-dan-voiceover","text/html; charset=utf-8","200","OK","1.1","Indexable","","https://www.voiceoverguy.co.uk/dapper-dan-voiceover","",""
"https://www.voiceoverguy.co.uk/assets/img/blog/top-5-films-that-use-voice-over-narration-perfectly5.jpg","image/jpeg","200","OK","1.1","Indexable","","","",""
"https://www.voiceoverguy.co.uk/assets/img/blog/dapper-dan-voiceover.jpg","image/jpeg","200","OK","1.1","Indexable","","","",""
"https://www.voiceoverguy.co.uk/assets/img/blog/top-5-films-that-use-voice-over-narration-perfectly3.jpg","image/jpeg","200","OK","1.1","Indexable","","","",""
"https://www.voiceoverguy.co.uk/assets/img/blog/spiderman-car-voiceover.jpg","image/jpeg","200","OK","1.1","Indexable","","","",""
"https://www.voiceoverguy.co.uk/spiderman-car-voiceover","text/html; charset=utf-8","200","OK","1.1","Indexable","","https://www.voiceoverguy.co.uk/spiderman-car-voiceover","",""
"https://www.voiceoverguy.co.uk/assets/img/blog/top-5-films-that-use-voice-over-narration-perfectly4.jpg","image/jpeg","200","OK","1.1","Indexable","","","",""
"https://www.voiceoverguy.co.uk/guide-to-becoming-a-voiceover-artist","text/html; charset=utf-8","200","OK","1.1","Indexable","","https://www.voiceoverguy.co.uk/guide-to-becoming-a-voiceover-artist","",""
"https://www.voiceoverguy.co.uk/assets/img/blog/guide-to-becoming-a-voiceover-artist.jpg","image/jpeg","200","OK","1.1","Indexable","","","",""
"https://www.voiceoverguy.co.uk/assets/img/blog/mmx-hill-climb-trailer-voiceover.jpg","image/jpeg","200","OK","1.1","Indexable","","","",""
"https://www.voiceoverguy.co.uk/mmx-hill-climb-trailer-voiceover","text/html; charset=utf-8","200","OK","1.1","Indexable","","https://www.voiceoverguy.co.uk/mmx-hill-climb-trailer-voiceover","",""
"https://www.voiceoverguy.co.uk/assets/img/blog/professional-voice-over-vs-cheaper-alternative-voiceover-studio.jpg","image/jpeg","200","OK","1.1","Indexable","","","",""
"https://www.voiceoverguy.co.uk/assets/img/blog/rac-car-passport.jpg","image/jpeg","200","OK","1.1","Indexable","","","",""
"https://www.voiceoverguy.co.uk/assets/img/blog/professional-voice-over-vs-cheaper-alternative-voiceover-pro.jpg","image/jpeg","200","OK","1.1","Indexable","","","",""
"https://www.voiceoverguy.co.uk/assets/img/blog/why-use-a-voiceover.jpg","image/jpeg","200","OK","1.1","Indexable","","","",""
"https://www.voiceoverguy.co.uk/why-use-a-voiceover","text/html; charset=utf-8","200","OK","1.1","Indexable","","https://www.voiceoverguy.co.uk/why-use-a-voiceover","",""
"https://www.voiceoverguy.co.uk/assets/img/blog/free-personalised-santa-messages.jpg","image/jpeg","200","OK","1.1","Indexable","","","",""
"https://www.voiceoverguy.co.uk/assets/img/blog/five-tips-to-improve-your-radio-voice4.jpg","image/jpeg","200","OK","1.1","Indexable","","","",""
"https://www.voiceoverguy.co.uk/assets/img/blog/voice-of-santa-guy-harris-santa_radio.jpg","image/jpeg","200","OK","1.1","Indexable","","","",""
"https://www.voiceoverguy.co.uk/five-tips-to-improve-your-radio-voice","text/html; charset=utf-8","200","OK","1.1","Indexable","","https://www.voiceoverguy.co.uk/five-tips-to-improve-your-radio-voice","",""
"https://www.voiceoverguy.co.uk/assets/img/blog/super-hero-voice.jpg","image/jpeg","200","OK","1.1","Indexable","","","",""
"https://www.voiceoverguy.co.uk/assets/img/blog/animation-voiceovers.jpg","image/jpeg","200","OK","1.1","Indexable","","","",""
"https://www.voiceoverguy.co.uk/assets/img/blog/the-escapists-game-trailer.jpg","image/jpeg","200","OK","1.1","Indexable","","","",""
"https://www.voiceoverguy.co.uk/the-escapists-game-trailer","text/html; charset=utf-8","200","OK","1.1","Indexable","","https://www.voiceoverguy.co.uk/the-escapists-game-trailer","",""
"https://www.voiceoverguy.co.uk/marvel-spiderman-voiceover","text/html; charset=utf-8","200","OK","1.1","Indexable","","https://www.voiceoverguy.co.uk/marvel-spiderman-voiceover","",""
"https://www.voiceoverguy.co.uk/marvel-superheroes-voiceover","text/html; charset=utf-8","200","OK","1.1","Indexable","","https://www.voiceoverguy.co.uk/marvel-superheroes-voiceover","",""
"https://www.voiceoverguy.co.uk/assets/img/blog/voice-over-videos-animals1.jpg","image/jpeg","200","OK","1.1","Indexable","","","",""
"https://www.voiceoverguy.co.uk/fruitella-voiceover","text/html; charset=utf-8","200","OK","1.1","Indexable","","https://www.voiceoverguy.co.uk/fruitella-voiceover","",""
"https://www.voiceoverguy.co.uk/voice-over-videos-animals","text/html; charset=utf-8","200","OK","1.1","Indexable","","https://www.voiceoverguy.co.uk/voice-over-videos-animals","",""
"https://www.voiceoverguy.co.uk/change-challenge-gameshow-voice","text/html; charset=utf-8","200","OK","1.1","Indexable","","https://www.voiceoverguy.co.uk/change-challenge-gameshow-voice","",""
"https://www.voiceoverguy.co.uk/northern-gas-advert","text/html; charset=utf-8","200","OK","1.1","Indexable","","https://www.voiceoverguy.co.uk/northern-gas-advert","",""
"https://www.voiceoverguy.co.uk/assets/img/blog/fruitella-voiceover.jpg","image/jpeg","200","OK","1.1","Indexable","","","",""
"https://www.voiceoverguy.co.uk/assets/img/blog/air-malta-voiceover.jpg","image/jpeg","200","OK","1.1","Indexable","","","",""
"https://www.voiceoverguy.co.uk/assets/img/blog/rise-project-explainer-video-voiceover.jpg","image/jpeg","200","OK","1.1","Indexable","","","",""
"https://www.voiceoverguy.co.uk/air-malta-voiceover","text/html; charset=utf-8","200","OK","1.1","Indexable","","https://www.voiceoverguy.co.uk/air-malta-voiceover","",""
"https://www.voiceoverguy.co.uk/rise-project-explainer-video-voiceover","text/html; charset=utf-8","200","OK","1.1","Indexable","","https://www.voiceoverguy.co.uk/rise-project-explainer-video-voiceover","",""
"https://www.voiceoverguy.co.uk/assets/img/blog/gibtelecom-voiceover.jpg","image/jpeg","200","OK","1.1","Indexable","","","",""
"https://www.voiceoverguy.co.uk/gibtelecom-voiceover","text/html; charset=utf-8","200","OK","1.1","Indexable","","https://www.voiceoverguy.co.uk/gibtelecom-voiceover","",""
"https://www.voiceoverguy.co.uk/assets/img/blog/marvel-superheroes-voiceover.jpg","image/jpeg","200","OK","1.1","Indexable","","","",""
"https://www.voiceoverguy.co.uk/assets/images/mini-player-logo.webp","image/webp","200","OK","1.1","Indexable","","","",""
"https://www.voiceoverguy.co.uk/assets/img/blog/betfred-football-commentator.jpg","image/jpeg","200","OK","1.1","Indexable","","","",""
"https://www.voiceoverguy.co.uk/virgin-holidays-voice","text/html; charset=utf-8","200","OK","1.1","Indexable","","https://www.voiceoverguy.co.uk/virgin-holidays-voice","",""
"https://www.voiceoverguy.co.uk/assets/img/blog/virgin-holidays-voice.jpg","image/jpeg","200","OK","1.1","Indexable","","","",""
"https://www.voiceoverguy.co.uk/assets/img/blog/home-composting-explainer-voice.jpg","image/jpeg","200","OK","1.1","Indexable","","","",""
"https://www.voiceoverguy.co.uk/home-composting-explainer-voice","text/html; charset=utf-8","200","OK","1.1","Indexable","","https://www.voiceoverguy.co.uk/home-composting-explainer-voice","",""
"https://www.voiceoverguy.co.uk/assets/img/blog/domino-express-voiceover.jpg","image/jpeg","200","OK","1.1","Indexable","","","",""
"https://www.voiceoverguy.co.uk/assets/img/blog/character-voiceovers.jpg","image/jpeg","200","OK","1.1","Indexable","","","",""
"https://www.voiceoverguy.co.uk/domino-express-voice-over","text/html; charset=utf-8","200","OK","1.1","Indexable","","https://www.voiceoverguy.co.uk/domino-express-voice-over","",""
"https://www.voiceoverguy.co.uk/homepage-showreel-voiceover","text/html; charset=utf-8","200","OK","1.1","Indexable","","https://www.voiceoverguy.co.uk/homepage-showreel-voiceover","",""
"https://www.voiceoverguy.co.uk/assets/img/blog/homepage-showreel-voice.jpg","image/jpeg","200","OK","1.1","Indexable","","","",""
"https://www.voiceoverguy.co.uk/assets/img/blog/halloween-voice-og.jpg","image/jpeg","200","OK","1.1","Indexable","","","",""
"https://www.voiceoverguy.co.uk/assets/img/blog/storro-secure-cloud-explainer-video-voiceover.jpg","image/jpeg","200","OK","1.1","Indexable","","","",""
"https://www.voiceoverguy.co.uk/storro-secure-cloud-explainer-video-voiceover","text/html; charset=utf-8","200","OK","1.1","Indexable","","https://www.voiceoverguy.co.uk/storro-secure-cloud-explainer-video-voiceover","",""
"https://www.voiceoverguy.co.uk/assets/img/blog/pathe-news-voiceover.jpg","image/jpeg","200","OK","1.1","Indexable","","","",""
"https://www.voiceoverguy.co.uk/pathe-news-voiceover","text/html; charset=utf-8","200","OK","1.1","Indexable","","https://www.voiceoverguy.co.uk/pathe-news-voiceover","",""
"https://www.voiceoverguy.co.uk/assets/img/blog/attenborough-voice-og.jpg","image/jpeg","200","OK","1.1","Indexable","","","",""
"https://www.voiceoverguy.co.uk/my-corporate-video-voice","text/html; charset=utf-8","200","OK","1.1","Indexable","","https://www.voiceoverguy.co.uk/my-corporate-video-voice","",""
"https://www.voiceoverguy.co.uk/assets/img/blog/my-corporate-video-voice-over.jpg","image/jpeg","200","OK","1.1","Indexable","","","",""
"https://www.voiceoverguy.co.uk/assets/img/blog/worms-wmd-character-voices.jpg","image/jpeg","200","OK","1.1","Indexable","","","",""
"https://www.voiceoverguy.co.uk/assets/img/blog/pirate-voiceover.jpg","image/jpeg","200","OK","1.1","Indexable","","","",""
"https://www.voiceoverguy.co.uk/assets/img/blog/guy-ai-voiceoverguy-robots-trash-studio.jpg","image/jpeg","200","OK","1.1","Indexable","","","",""
"https://www.voiceoverguy.co.uk/worms-wmd-character-voices","text/html; charset=utf-8","200","OK","1.1","Indexable","","https://www.voiceoverguy.co.uk/worms-wmd-character-voices","",""
"https://www.voiceoverguy.co.uk/assets/img/blog/guy-ai-voiceoverguy-robots.jpg","image/jpeg","200","OK","1.1","Indexable","","","",""
"https://www.voiceoverguy.co.uk/assets/img/blog/greedy-granny-tv-commercial.jpg","image/jpeg","200","OK","1.1","Indexable","","","",""
"https://www.voiceoverguy.co.uk/assets/img/blog/ariel-pods-voiceover.jpg","image/jpeg","200","OK","1.1","Indexable","","","",""
"https://www.voiceoverguy.co.uk/greedy-granny-tv-commercial","text/html; charset=utf-8","200","OK","1.1","Indexable","","https://www.voiceoverguy.co.uk/greedy-granny-tv-commercial","",""
"https://www.voiceoverguy.co.uk/ariel-pods-voiceover","text/html; charset=utf-8","200","OK","1.1","Indexable","","https://www.voiceoverguy.co.uk/ariel-pods-voiceover","",""
"https://www.voiceoverguy.co.uk/assets/img/blog/silly-moo-voiceover.jpg","image/jpeg","200","OK","1.1","Indexable","","","",""
"https://www.voiceoverguy.co.uk/assets/img/blog/winterstate-trailer-voice.jpg","image/jpeg","200","OK","1.1","Indexable","","","",""
"https://www.voiceoverguy.co.uk/winterstate-trailer-voice","text/html; charset=utf-8","200","OK","1.1","Indexable","","https://www.voiceoverguy.co.uk/winterstate-trailer-voice","",""
"https://www.voiceoverguy.co.uk/silly-moo-voiceover","text/html; charset=utf-8","200","OK","1.1","Indexable","","https://www.voiceoverguy.co.uk/silly-moo-voiceover","",""
"https://www.voiceoverguy.co.uk/farm-heroes-saga-voiceover","text/html; charset=utf-8","200","OK","1.1","Indexable","","https://www.voiceoverguy.co.uk/farm-heroes-saga-voiceover","",""
"https://www.voiceoverguy.co.uk/assets/img/blog/voice-of-god-voice.jpg","image/jpeg","200","OK","1.1","Indexable","","","",""
"https://www.voiceoverguy.co.uk/assets/img/blog/farm-heroes-saga.jpg","image/jpeg","200","OK","1.1","Indexable","","","",""
"https://www.voiceoverguy.co.uk/assets/img/blog/dead-daises-album-promo.jpg","image/jpeg","200","OK","1.1","Indexable","","","",""
"https://www.voiceoverguy.co.uk/dead-daises-album-promo","text/html; charset=utf-8","200","OK","1.1","Indexable","","https://www.voiceoverguy.co.uk/dead-daises-album-promo","",""
"https://www.voiceoverguy.co.uk/guide-to-a-northern-irish-accent","text/html; charset=utf-8","200","OK","1.1","Indexable","","https://www.voiceoverguy.co.uk/guide-to-a-northern-irish-accent","",""
"https://www.voiceoverguy.co.uk/assets/img/blog/guide-to-a-northern-irish-accent.jpg","image/jpeg","200","OK","1.1","Indexable","","","",""
"https://www.voiceoverguy.co.uk/lifeless-game-trailer-voice","text/html; charset=utf-8","200","OK","1.1","Indexable","","https://www.voiceoverguy.co.uk/lifeless-game-trailer-voice","",""
"https://www.voiceoverguy.co.uk/assets/img/blog/viva-cinema-voiceover.jpg","image/jpeg","200","OK","1.1","Indexable","","","",""
"https://www.voiceoverguy.co.uk/robocide-game-trailer-voice","text/html; charset=utf-8","200","OK","1.1","Indexable","","https://www.voiceoverguy.co.uk/robocide-game-trailer-voice","",""
"https://www.voiceoverguy.co.uk/assets/img/blog/vada-mera-govind-patrick-stewart-narrator-voiceover.jpg","image/jpeg","200","OK","1.1","Indexable","","","",""
"https://www.voiceoverguy.co.uk/viva-cinema-voiceover","text/html; charset=utf-8","200","OK","1.1","Indexable","","https://www.voiceoverguy.co.uk/viva-cinema-voiceover","",""
"https://www.voiceoverguy.co.uk/vadda-mera-govind-patrick-stewart-narrator-voiceover","text/html; charset=utf-8","200","OK","1.1","Indexable","","https://www.voiceoverguy.co.uk/vadda-mera-govind-patrick-stewart-narrator-voiceover","",""
"https://www.voiceoverguy.co.uk/this-war-of-mine-trailer-voiceover","text/html; charset=utf-8","200","OK","1.1","Indexable","","https://www.voiceoverguy.co.uk/this-war-of-mine-trailer-voiceover","",""
"https://www.voiceoverguy.co.uk/assets/img/blog/world-of-warships-tutorial-voice.jpg","image/jpeg","200","OK","1.1","Indexable","","","",""
"https://www.voiceoverguy.co.uk/assets/img/blog/this-war-is-mine-voiceover.jpg","image/jpeg","200","OK","1.1","Indexable","","","",""
"https://www.voiceoverguy.co.uk/draw-slasher-voice","text/html; charset=utf-8","200","OK","1.1","Indexable","","https://www.voiceoverguy.co.uk/draw-slasher-voice","",""
"https://www.voiceoverguy.co.uk/assets/img/blog/cartoon-voiceover-guide5.jpg","image/jpeg","200","OK","1.1","Indexable","","","",""
"https://www.voiceoverguy.co.uk/assets/img/blog/draw-slasher-game-voiceover.jpg","image/jpeg","200","OK","1.1","Indexable","","","",""
"https://www.voiceoverguy.co.uk/assets/img/blog/cartoon-voiceover-guide3.jpg","image/jpeg","200","OK","1.1","Indexable","","","",""
"https://www.voiceoverguy.co.uk/world-of-warships-tutorial-voice","text/html; charset=utf-8","200","OK","1.1","Indexable","","https://www.voiceoverguy.co.uk/world-of-warships-tutorial-voice","",""
"https://www.voiceoverguy.co.uk/assets/img/blog/cartoon-voiceover-guide4.jpg","image/jpeg","200","OK","1.1","Indexable","","","",""
"https://www.voiceoverguy.co.uk/dragon-city-voiceover","text/html; charset=utf-8","200","OK","1.1","Indexable","","https://www.voiceoverguy.co.uk/dragon-city-voiceover","",""
"https://www.voiceoverguy.co.uk/assets/img/blog/dragon-city-voiceover.jpg","image/jpeg","200","OK","1.1","Indexable","","","",""
"https://www.voiceoverguy.co.uk/assets/img/blog/renault-uk-service.jpg","image/jpeg","200","OK","1.1","Indexable","","","",""
"https://www.voiceoverguy.co.uk/renault-uk-service","text/html; charset=utf-8","200","OK","1.1","Indexable","","https://www.voiceoverguy.co.uk/renault-uk-service","",""
"https://www.voiceoverguy.co.uk/assets/img/blog/find-locksmith-app-voiceover.jpg","image/jpeg","200","OK","1.1","Indexable","","","",""
"https://www.voiceoverguy.co.uk/assets/img/blog/questions-about-voiceover-agencies.jpg","image/jpeg","200","OK","1.1","Indexable","","","",""
"https://www.voiceoverguy.co.uk/questions-about-voiceover-agencies","text/html; charset=utf-8","200","OK","1.1","Indexable","","https://www.voiceoverguy.co.uk/questions-about-voiceover-agencies","",""
"https://www.voiceoverguy.co.uk/find-locksmith-app-voiceover","text/html; charset=utf-8","200","OK","1.1","Indexable","","https://www.voiceoverguy.co.uk/find-locksmith-app-voiceover","",""
"https://www.voiceoverguy.co.uk/assets/img/blog/macc-lads-documentry-voice.jpg","image/jpeg","200","OK","1.1","Indexable","","","",""
"https://www.voiceoverguy.co.uk/macc-lads-documentary-voice","text/html; charset=utf-8","200","OK","1.1","Indexable","","https://www.voiceoverguy.co.uk/macc-lads-documentary-voice","",""
"https://www.voiceoverguy.co.uk/assets/img/blog/land-of-eyas-voiceover.jpg","image/jpeg","200","OK","1.1","Indexable","","","",""
"https://www.voiceoverguy.co.uk/land-of-eyas-voiceover","text/html; charset=utf-8","200","OK","1.1","Indexable","","https://www.voiceoverguy.co.uk/land-of-eyas-voiceover","",""
"https://www.voiceoverguy.co.uk/rac-car-passport-voiceover","text/html; charset=utf-8","200","OK","1.1","Indexable","","https://www.voiceoverguy.co.uk/rac-car-passport-voiceover","",""
"https://www.voiceoverguy.co.uk/assets/img/blog/marvel-spiderman-voiceover.jpg","image/jpeg","200","OK","1.1","Indexable","","","",""
"https://www.voiceoverguy.co.uk/michael-caine-voiceover","text/html; charset=utf-8","200","OK","1.1","Indexable","","https://www.voiceoverguy.co.uk/michael-caine-voiceover","",""
"https://www.voiceoverguy.co.uk/cities-talking-explainer-voiceover","text/html; charset=utf-8","200","OK","1.1","Indexable","","https://www.voiceoverguy.co.uk/cities-talking-explainer-voiceover","",""
"https://www.voiceoverguy.co.uk/assets/img/blog/cities-talking-explainer-voiceover.jpg","image/jpeg","200","OK","1.1","Indexable","","","",""
"https://www.voiceoverguy.co.uk/euroseal-windows-tv-advert","text/html; charset=utf-8","200","OK","1.1","Indexable","","https://www.voiceoverguy.co.uk/euroseal-windows-tv-advert","",""
"https://www.voiceoverguy.co.uk/assets/img/blog/euroseal-windows-tv-advert.jpg","image/jpeg","200","OK","1.1","Indexable","","","",""
"https://www.voiceoverguy.co.uk/assets/img/blog/pirate-voice-og.jpg","image/jpeg","200","OK","1.1","Indexable","","","",""
"https://www.voiceoverguy.co.uk/welsh-accent-voiceover","text/html; charset=utf-8","200","OK","1.1","Indexable","","https://www.voiceoverguy.co.uk/welsh-accent-voiceover","",""
"https://www.voiceoverguy.co.uk/penarium-opening-credits","text/html; charset=utf-8","200","OK","1.1","Indexable","","https://www.voiceoverguy.co.uk/penarium-opening-credits","",""
"https://www.voiceoverguy.co.uk/assets/img/blog/viva-bahrain-voiceover.jpg","image/jpeg","200","OK","1.1","Indexable","","","",""
"https://www.voiceoverguy.co.uk/assets/img/blog/welsh-accent-voiceover.jpg","image/jpeg","200","OK","1.1","Indexable","","","",""
"https://www.voiceoverguy.co.uk/viva-bahrain-voiceover","text/html; charset=utf-8","200","OK","1.1","Indexable","","https://www.voiceoverguy.co.uk/viva-bahrain-voiceover","",""
"https://www.voiceoverguy.co.uk/assets/img/blog/lifeless-trailer-voice.jpg","image/jpeg","200","OK","1.1","Indexable","","","",""
"https://www.voiceoverguy.co.uk/girafun-voiceover","text/html; charset=utf-8","200","OK","1.1","Indexable","","https://www.voiceoverguy.co.uk/girafun-voiceover","",""
"https://www.voiceoverguy.co.uk/assets/img/blog/west-yorkshire-studio-march25.jpg","image/jpeg","200","OK","1.1","Indexable","","","",""
"https://www.voiceoverguy.co.uk/assets/img/blog/change-challenge-gameshow-voice.jpg","image/jpeg","200","OK","1.1","Indexable","","","",""
"https://www.voiceoverguy.co.uk/assets/img/blog/robocide-game-trailer-voice.jpg","image/jpeg","200","OK","1.1","Indexable","","","",""
"https://www.voiceoverguy.co.uk/studiotour/indexdata/index.js","application/javascript; charset=utf-8","200","OK","1.1","Indexable","","","",""
"https://www.voiceoverguy.co.uk/studiotour/indexdata/lib/jquery-2.1.1.min.js","application/javascript; charset=utf-8","200","OK","1.1","Indexable","","","",""
"https://www.voiceoverguy.co.uk/assets/img/blog/penarium-opening-credits.jpg","image/jpeg","200","OK","1.1","Indexable","","","",""
"https://www.voiceoverguy.co.uk/assets/img/blog/tv-smiles-voice.jpg","image/jpeg","200","OK","1.1","Indexable","","","",""
"https://www.voiceoverguy.co.uk/tv-smiles-voice","text/html; charset=utf-8","200","OK","1.1","Indexable","","https://www.voiceoverguy.co.uk/tv-smiles-voice","",""
"https://www.voiceoverguy.co.uk/assets/img/blog/guide-to-becoming-a-voiceover-artist2.jpg","image/jpeg","200","OK","1.1","Indexable","","","",""
"https://www.voiceoverguy.co.uk/assets/img/blog/guide-to-becoming-a-voiceover-artist3.jpg","image/jpeg","200","OK","1.1","Indexable","","","",""
"https://www.voiceoverguy.co.uk/assets/img/blog/five-tips-to-improve-your-radio-voice3.jpg","image/jpeg","200","OK","1.1","Indexable","","","",""
"https://www.voiceoverguy.co.uk/assets/img/blog/five-tips-to-improve-your-radio-voice2.jpg","image/jpeg","200","OK","1.1","Indexable","","","",""
"https://www.voiceoverguy.co.uk/assets/img/blog/voice-over-videos-animals5.jpg","image/jpeg","200","OK","1.1","Indexable","","","",""
"https://www.voiceoverguy.co.uk/assets/img/blog/voice-over-videos-animals2.jpg","image/jpeg","200","OK","1.1","Indexable","","","",""
"https://www.voiceoverguy.co.uk/assets/img/blog/voice-over-videos-animals3.jpg","image/jpeg","200","OK","1.1","Indexable","","","",""
"https://www.voiceoverguy.co.uk/assets/img/blog/xs-poker-voice.jpg","image/jpeg","200","OK","1.1","Indexable","","","",""
"https://www.voiceoverguy.co.uk/xs-poker-voice","text/html; charset=utf-8","200","OK","1.1","Indexable","","https://www.voiceoverguy.co.uk/xs-poker-voice","",""
"https://www.voiceoverguy.co.uk/assets/img/blog/guide-to-a-northern-irish-accent3.jpg","image/jpeg","200","OK","1.1","Indexable","","","",""
"https://www.voiceoverguy.co.uk/assets/img/blog/girafun-voiceover.jpg","image/jpeg","200","OK","1.1","Indexable","","","",""
"https://www.voiceoverguy.co.uk/assets/img/blog/acting.jpg","image/jpeg","200","OK","1.1","Indexable","","","",""
"https://www.voiceoverguy.co.uk/how-to-do-cartoon-voiceover","text/html; charset=utf-8","200","OK","1.1","Indexable","","https://www.voiceoverguy.co.uk/how-to-do-cartoon-voiceover","",""
"https://www.voiceoverguy.co.uk/assets/img/blog/listen-carefully.jpg","image/jpeg","200","OK","1.1","Indexable","","","",""
"https://www.voiceoverguy.co.uk/tente-explainer-voiceover","text/html; charset=utf-8","200","OK","1.1","Indexable","","https://www.voiceoverguy.co.uk/tente-explainer-voiceover","",""
"https://www.voiceoverguy.co.uk/assets/img/blog/tente-explainer-voiceover.jpg","image/jpeg","200","OK","1.1","Indexable","","","",""
